1.0,0.0,1.0,0,1,0.0,0.0,0.6,0.0,0.0
1.0,0.0,0.0,0,0,0.0,0.0,1.0,0.0,0.0
1.0,0.0,0.028846153846153848,1,0,0.0,0.0,0.46153846153846156,0.019230769230769232,0.010638297872340425
1.0,0.0,0.125,0,0,0.0,0.0,0.2916666666666667,0.0,0.0
0.8421052631578947,0.0,0.0625,0,1,0.0,0.03125,0.3125,0.0,0.06666666666666667
0.47368421052631576,0.037037037037037035,0.1111111111111111,0,0,0.0,0.0,0.16666666666666666,0.05555555555555555,0.0
0.42105263157894735,0.07407407407407407,0.0,0,0,0.0,0.0,0.5,0.0,0.0
0.39473684210526316,0.1111111111111111,0.0,0,0,0.0,0.0,0.2,0.06666666666666667,0.07142857142857142
0.5,0.14814814814814814,0.0,0,0,0.0,0.0,0.21052631578947367,0.0,0.05555555555555555
0.5789473684210527,0.18518518518518517,0.09090909090909091,0,1,0.0,0.0,0.36363636363636365,0.0,0.0
0.4473684210526316,0.2222222222222222,0.11764705882352941,0,1,0.0,0.0,0.47058823529411764,0.058823529411764705,0.0
0.631578947368421,0.25925925925925924,0.08333333333333333,0,0,0.0,0.0,0.4166666666666667,0.0,0.043478260869565216
0.7894736842105263,0.2962962962962963,0.03333333333333333,0,0,0.0,0.0,0.23333333333333334,0.06666666666666667,0.0
0.5789473684210527,0.3333333333333333,0.09090909090909091,0,0,0.0,0.0,0.2727272727272727,0.045454545454545456,0.047619047619047616
0.6052631578947368,0.37037037037037035,0.08695652173913043,0,0,0.0,0.0,0.2608695652173913,0.0,0.045454545454545456
0.5789473684210527,0.4074074074074074,0.13636363636363635,0,1,0.0,0.0,0.4090909090909091,0.0,0.0
0.8421052631578947,0.4444444444444444,0.03125,0,0,0.0,0.0,0.28125,0.0625,0.03225806451612903
1.0,0.48148148148148145,0.02631578947368421,0,1,0.0,0.0,0.34210526315789475,0.0,0.02702702702702703
0.2894736842105263,0.5185185185185185,0.0,0,0,0.0,0.09090909090909091,0.2727272727272727,0.18181818181818182,0.0
0.21052631578947367,0.5555555555555556,0.125,0,0,0.0,0.0,0.375,0.0,0.0
0.5789473684210527,0.5925925925925926,0.0,0,1,0.0,0.0,0.36363636363636365,0.0,0.0
0.10526315789473684,0.6296296296296297,0.0,0,0,0.0,0.0,0.0,0.25,0.0
0.5,0.6666666666666666,0.05263157894736842,0,0,0.0,0.0,0.3684210526315789,0.05263157894736842,0.0
0.5,0.7037037037037037,0.0,0,0,0.0,0.0,0.21052631578947367,0.0,0.05555555555555555
0.3684210526315789,0.7407407407407407,0.07142857142857142,0,0,0.0,0.0,0.35714285714285715,0.0,0.0
0.8157894736842105,0.7777777777777778,0.03225806451612903,0,0,0.0,0.0,0.3225806451612903,0.0,0.0
0.23684210526315788,0.8148148148148148,0.0,0,0,0.0,0.0,0.5555555555555556,0.0,0.0
0.7631578947368421,0.8518518518518519,0.034482758620689655,0,0,0.0,0.0,0.3103448275862069,0.0,0.03571428571428571
0.5263157894736842,0.8888888888888888,0.0,0,0,0.0,0.0,0.35,0.0,0.0
0.21052631578947367,0.9259259259259259,0.125,0,0,0.0,0.0,0.25,0.0,0.0
0.2894736842105263,0.9629629629629629,0.0,0,0,0.0,0.0,0.36363636363636365,0.0,0.1
0.5087719298245614,0.0,0.034482758620689655,0,0,0.0,0.0,0.20689655172413793,0.10344827586206896,0.03571428571428571
0.43859649122807015,0.06666666666666667,0.0,0,0,0.0,0.0,0.48,0.0,0.09090909090909091
0.24561403508771928,0.13333333333333333,0.07142857142857142,0,0,0.0,0.0,0.2857142857142857,0.0,0.0
0.6140350877192983,0.2,0.02857142857142857,0,0,0.0,0.0,0.3142857142857143,0.0,0.0
0.47368421052631576,0.26666666666666666,0.037037037037037035,0,0,0.0,0.0,0.48148148148148145,0.0,0.038461538461538464
0.22807017543859648,0.3333333333333333,0.15384615384615385,0,0,0.0,0.0,0.23076923076923078,0.07692307692307693,0.0
0.21052631578947367,0.4,0.08333333333333333,0,1,0.0,0.08333333333333333,0.5,0.0,0.0
0.6666666666666666,0.4666666666666667,0.02631578947368421,0,0,0.0,0.0,0.34210526315789475,0.02631578947368421,0.06060606060606061
0.3684210526315789,0.5333333333333333,0.0,0,0,0.0,0.0,0.38095238095238093,0.047619047619047616,0.05
0.2807017543859649,0.6,0.0,0,0,0.0,0.0,0.375,0.0,0.0
0.6842105263157895,0.6666666666666666,0.02564102564102564,0,0,0.0,0.0,0.23076923076923078,0.05128205128205128,0.02702702702702703
1.0,0.7333333333333333,0.017543859649122806,0,0,0.0,0.0,0.2807017543859649,0.017543859649122806,0.017857142857142856
0.21052631578947367,0.8,0.08333333333333333,0,0,0.0,0.0,0.4166666666666667,0.0,0.0
0.5964912280701754,0.8666666666666667,0.029411764705882353,0,0,0.0,0.0,0.3235294117647059,0.029411764705882353,0.0
0.5789473684210527,0.9333333333333333,0.030303030303030304,0,0,0.0,0.0,0.3333333333333333,0.0,0.0
1.0,0.0,0.041666666666666664,0,0,0.0,0.0,0.375,0.041666666666666664,0.043478260869565216
0.4583333333333333,0.14285714285714285,0.0,0,0,0.0,0.0,0.2727272727272727,0.0,0.0
0.25,0.2857142857142857,0.0,0,1,0.0,0.16666666666666666,0.5,0.0,0.0
0.75,0.42857142857142855,0.0,0,1,0.0,0.0,0.3888888888888889,0.0,0.0
0.5833333333333334,0.5714285714285714,0.0,0,1,0.0,0.0,0.21428571428571427,0.07142857142857142,0.0
0.5416666666666666,0.7142857142857143,0.07692307692307693,0,1,0.0,0.0,0.23076923076923078,0.0,0.0
0.75,0.8571428571428571,0.05555555555555555,0,0,0.0,0.0,0.3888888888888889,0.05555555555555555,0.0
0.5094339622641509,0.0,0.037037037037037035,0,1,0.0,0.0,0.4074074074074074,0.0,0.038461538461538464
0.18867924528301888,0.0625,0.1,0,0,0.0,0.0,0.2,0.0,0.0
0.37735849056603776,0.125,0.05,0,0,0.0,0.0,0.5,0.0,0.0
0.1509433962264151,0.1875,0.0,0,0,0.0,0.0,0.125,0.0,0.0
0.3018867924528302,0.25,0.0625,0,0,0.0,0.0,0.3125,0.0,0.0
0.3018867924528302,0.3125,0.125,0,0,0.0,0.0,0.25,0.0,0.0
0.41509433962264153,0.375,0.045454545454545456,0,0,0.0,0.0,0.3181818181818182,0.0,0.0
0.2641509433962264,0.4375,0.0,0,0,0.14285714285714285,0.0,0.21428571428571427,0.0,0.08333333333333333
0.1509433962264151,0.5,0.0,0,1,0.0,0.0,0.125,0.0,0.0
0.3584905660377358,0.5625,0.10526315789473684,0,0,0.0,0.0,0.2631578947368421,0.0,0.0
0.3018867924528302,0.625,0.0625,0,1,0.0,0.0,0.3125,0.0,0.0
0.2830188679245283,0.6875,0.06666666666666667,0,0,0.0,0.0,0.2,0.0,0.0
0.11320754716981132,0.75,0.0,0,0,0.0,0.0,0.3333333333333333,0.16666666666666666,0.0
0.24528301886792453,0.8125,0.07692307692307693,0,1,0.0,0.0,0.15384615384615385,0.0,0.0
0.5471698113207547,0.875,0.06896551724137931,0,1,0.0,0.0,0.3448275862068966,0.0,0.03571428571428571
1.0,0.9375,0.03773584905660377,0,0,0.0,0.0,0.3584905660377358,0.0,0.019230769230769232
1.0,0.0,0.05555555555555555,0,0,0.0,0.0,0.3333333333333333,0.0,0.0625
0.673469387755102,0.0,0.030303030303030304,0,0,0.0,0.0,0.42424242424242425,0.0,0.0
0.3469387755102041,0.125,0.058823529411764705,0,0,0.0,0.0,0.35294117647058826,0.0,0.0
0.3877551020408163,0.25,0.05263157894736842,0,0,0.0,0.0,0.3684210526315789,0.0,0.0
0.30612244897959184,0.375,0.06666666666666667,0,0,0.0,0.0,0.26666666666666666,0.06666666666666667,0.0
0.2857142857142857,0.5,0.0,0,0,0.0,0.0,0.35714285714285715,0.0,0.0
0.673469387755102,0.625,0.030303030303030304,0,0,0.0,0.0,0.2727272727272727,0.0,0.03225806451612903
1.0,0.75,0.02040816326530612,0,1,0.0,0.0,0.3469387755102041,0.0,0.0
0.02040816326530612,0.875,0.0,0,0,0.0,0.0,0.0,0.0,0.0
1.0,0.0,0.16666666666666666,0,1,0.0,0.0,0.5,0.0,0.0
0.6956521739130435,0.0,0.125,0,0,0.0,0.0,0.25,0.0,0.0625
0.9565217391304348,0.08333333333333333,0.045454545454545456,0,0,0.0,0.045454545454545456,0.22727272727272727,0.0,0.0
0.4782608695652174,0.16666666666666666,0.0,0,0,0.0,0.0,0.2727272727272727,0.0,0.1
0.2608695652173913,0.25,0.3333333333333333,0,1,0.0,0.0,0.6666666666666666,0.0,0.0
0.043478260869565216,0.3333333333333333,0.0,0,0,0.0,0.0,1.0,0.0,0.0
1.0,0.4166666666666667,0.043478260869565216,0,1,0.0,0.0,0.21739130434782608,0.0,0.043478260869565216
0.782608695652174,0.5,0.0,0,0,0.05555555555555555,0.0,0.16666666666666666,0.05555555555555555,0.0
0.6956521739130435,0.5833333333333334,0.0,0,0,0.0,0.0,0.5,0.0,0.0
0.9130434782608695,0.6666666666666666,0.047619047619047616,0,0,0.0,0.0,0.3333333333333333,0.047619047619047616,0.0
0.9565217391304348,0.75,0.09090909090909091,0,0,0.0,0.0,0.22727272727272727,0.0,0.045454545454545456
1.0,0.8333333333333334,0.043478260869565216,0,0,0.0,0.0,0.21739130434782608,0.0,0.045454545454545456
0.9565217391304348,0.9166666666666666,0.045454545454545456,0,1,0.0,0.0,0.36363636363636365,0.045454545454545456,0.047619047619047616
0.4864864864864865,0.0,0.05555555555555555,0,0,0.0,0.0,0.2222222222222222,0.0,0.0
0.8918918918918919,0.07142857142857142,0.0,0,1,0.0,0.0,0.3939393939393939,0.0,0.0
0.5675675675675675,0.14285714285714285,0.047619047619047616,0,0,0.0,0.0,0.23809523809523808,0.09523809523809523,0.05
0.4594594594594595,0.21428571428571427,0.0,0,0,0.0,0.0,0.35294117647058826,0.058823529411764705,0.0
1.0,0.2857142857142857,0.02702702702702703,0,0,0.0,0.0,0.1891891891891892,0.0,0.029411764705882353
0.40540540540540543,0.35714285714285715,0.06666666666666667,0,1,0.0,0.0,0.3333333333333333,0.0,0.07142857142857142
0.7567567567567568,0.42857142857142855,0.0,0,1,0.0,0.0,0.2857142857142857,0.03571428571428571,0.038461538461538464
0.35135135135135137,0.5,0.0,0,0,0.0,0.0,0.6153846153846154,0.0,0.08333333333333333
0.40540540540540543,0.5714285714285714,0.06666666666666667,0,0,0.0,0.0,0.2,0.06666666666666667,0.07142857142857142
0.5675675675675675,0.6428571428571429,0.14285714285714285,0,0,0.0,0.0,0.38095238095238093,0.0,0.05
0.5135135135135135,0.7142857142857143,0.0,0,0,0.0,0.0,0.2631578947368421,0.05263157894736842,0.0
0.21621621621621623,0.7857142857142857,0.0,0,0,0.0,0.0,0.375,0.0,0.0
0.4864864864864865,0.8571428571428571,0.05555555555555555,0,0,0.0,0.0,0.3333333333333333,0.0,0.058823529411764705
0.6216216216216216,0.9285714285714286,0.043478260869565216,0,1,0.043478260869565216,0.0,0.391304347826087,0.0,0.045454545454545456
0.9565217391304348,0.0,0.09090909090909091,0,1,0.0,0.0,0.6363636363636364,0.045454545454545456,0.05
0.34782608695652173,0.2,0.0,0,0,0.0,0.0,0.5,0.0,0.0
1.0,0.4,0.043478260869565216,0,1,0.0,0.0,0.34782608695652173,0.0,0.0
0.5652173913043478,0.6,0.0,0,0,0.0,0.0,0.46153846153846156,0.07692307692307693,0.0
0.6521739130434783,0.8,0.06666666666666667,0,0,0.0,0.0,0.3333333333333333,0.0,0.0
1.0,0.0,0.125,0,0,0.0,0.125,0.625,0.0,0.0
0.3333333333333333,0.0,0.0,0,0,0.0,0.0,0.0,0.0,0.0
1.0,0.5,0.0,0,0,0.0,0.0,1.0,0.0,0.0
0.13114754098360656,0.0,0.125,0,0,0.0,0.0,0.25,0.0,0.0
0.6557377049180327,0.025,0.05,0,0,0.0,0.0,0.325,0.0,0.05128205128205128
0.3770491803278688,0.05,0.0,0,0,0.0,0.0,0.17391304347826086,0.08695652173913043,0.045454545454545456
0.22950819672131148,0.075,0.07142857142857142,0,0,0.07142857142857142,0.0,0.21428571428571427,0.07142857142857142,0.0
0.18032786885245902,0.1,0.09090909090909091,0,0,0.0,0.0,0.2727272727272727,0.0,0.0
0.26229508196721313,0.125,0.0,0,1,0.0,0.0,0.125,0.0,0.0
0.5737704918032787,0.15,0.08571428571428572,0,0,0.05714285714285714,0.0,0.2857142857142857,0.0,0.0
0.11475409836065574,0.175,0.0,0,0,0.0,0.0,0.14285714285714285,0.0,0.0
0.4426229508196721,0.2,0.07407407407407407,0,0,0.0,0.0,0.2222222222222222,0.0,0.04
0.32786885245901637,0.225,0.0,0,0,0.0,0.0,0.15,0.0,0.05263157894736842
0.3770491803278688,0.25,0.08695652173913043,0,0,0.0,0.0,0.2608695652173913,0.0,0.0
0.26229508196721313,0.275,0.125,0,1,0.0,0.0,0.3125,0.0,0.0
0.4426229508196721,0.3,0.07407407407407407,0,1,0.0,0.0,0.2962962962962963,0.0,0.0
0.2459016393442623,0.325,0.13333333333333333,0,0,0.0,0.0,0.4,0.0,0.07142857142857142
0.36065573770491804,0.35,0.09090909090909091,0,0,0.045454545454545456,0.0,0.22727272727272727,0.0,0.047619047619047616
0.19672131147540983,0.375,0.16666666666666666,0,0,0.0,0.0,0.25,0.0,0.0
0.3442622950819672,0.4,0.0,0,0,0.0,0.0,0.2857142857142857,0.0,0.0
0.4098360655737705,0.425,0.08,0,0,0.0,0.0,0.4,0.0,0.041666666666666664
0.19672131147540983,0.45,0.08333333333333333,0,0,0.0,0.0,0.3333333333333333,0.0,0.09090909090909091
0.36065573770491804,0.475,0.09090909090909091,0,1,0.0,0.0,0.4090909090909091,0.0,0.10526315789473684
0.26229508196721313,0.5,0.0625,0,0,0.0,0.0,0.1875,0.0,0.06666666666666667
0.2459016393442623,0.525,0.13333333333333333,0,0,0.0,0.0,0.3333333333333333,0.0,0.0
0.4426229508196721,0.55,0.07407407407407407,0,1,0.0,0.0,0.2962962962962963,0.07407407407407407,0.08
0.4098360655737705,0.575,0.08,0,0,0.0,0.0,0.36,0.0,0.0
0.26229508196721313,0.6,0.125,0,1,0.0,0.0,0.4375,0.0,0.07142857142857142
0.7049180327868853,0.625,0.046511627906976744,0,1,0.0,0.0,0.3488372093023256,0.0,0.05263157894736842
0.2459016393442623,0.65,0.0,0,0,0.0,0.0,0.26666666666666666,0.0,0.07142857142857142
0.22950819672131148,0.675,0.14285714285714285,0,0,0.0,0.0,0.42857142857142855,0.0,0.0
1.0,0.7,0.03278688524590164,0,1,0.0,0.01639344262295082,0.4918032786885246,0.0,0.017543859649122806
0.2786885245901639,0.725,0.058823529411764705,0,1,0.0,0.0,0.35294117647058826,0.0,0.13333333333333333
0.29508196721311475,0.75,0.05555555555555555,0,0,0.0,0.0,0.3333333333333333,0.0,0.11764705882352941
0.45901639344262296,0.775,0.03571428571428571,0,0,0.0,0.0,0.25,0.03571428571428571,0.038461538461538464
0.2459016393442623,0.8,0.13333333333333333,0,1,0.0,0.0,0.4666666666666667,0.0,0.0
0.09836065573770492,0.825,0.0,0,1,0.0,0.0,0.3333333333333333,0.0,0.0
0.639344262295082,0.85,0.07692307692307693,0,1,0.0,0.0,0.3333333333333333,0.0,0.027777777777777776
0.18032786885245902,0.875,0.0,0,0,0.0,0.0,0.36363636363636365,0.0,0.0
0.4918032786885246,0.9,0.06666666666666667,0,1,0.0,0.0,0.3333333333333333,0.0,0.03571428571428571
0.5245901639344263,0.925,0.0625,0,0,0.0,0.0,0.3125,0.0,0.0
0.29508196721311475,0.95,0.05555555555555555,0,0,0.0,0.0,0.3888888888888889,0.0,0.0
0.19672131147540983,0.975,0.08333333333333333,0,0,0.0,0.0,0.3333333333333333,0.0,0.0
0.19642857142857142,0.0,0.09090909090909091,0,1,0.0,0.0,0.5454545454545454,0.0,0.1
1.0,0.08333333333333333,0.017857142857142856,0,1,0.0,0.0,0.39285714285714285,0.0,0.018518518518518517
0.125,0.16666666666666666,0.0,0,0,0.0,0.0,0.42857142857142855,0.0,0.0
0.21428571428571427,0.25,0.16666666666666666,0,1,0.0,0.0,0.3333333333333333,0.0,0.0
0.08928571428571429,0.3333333333333333,0.0,0,0,0.0,0.0,0.4,0.0,0.0
0.5535714285714286,0.4166666666666667,0.06451612903225806,0,1,0.0,0.0,0.3870967741935484,0.0,0.0
0.30357142857142855,0.5,0.058823529411764705,0,1,0.0,0.0,0.17647058823529413,0.058823529411764705,0.0
0.03571428571428571,0.5833333333333334,0.0,0,0,0.0,0.0,0.5,0.0,0.0
0.39285714285714285,0.6666666666666666,0.0,0,0,0.0,0.045454545454545456,0.36363636363636365,0.0,0.0
0.3392857142857143,0.75,0.10526315789473684,0,0,0.0,0.0,0.3157894736842105,0.05263157894736842,0.0
0.48214285714285715,0.8333333333333334,0.037037037037037035,0,0,0.0,0.0,0.37037037037037035,0.0,0.0
0.26785714285714285,0.9166666666666666,0.06666666666666667,0,0,0.0,0.0,0.3333333333333333,0.0,0.0
0.8936170212765957,0.0,0.047619047619047616,0,1,0.0,0.0,0.2857142857142857,0.023809523809523808,0.024390243902439025
0.425531914893617,0.0625,0.0,0,0,0.0,0.0,0.25,0.05,0.0
0.7021276595744681,0.125,0.030303030303030304,0,1,0.0,0.0,0.36363636363636365,0.0,0.03225806451612903
0.3829787234042553,0.1875,0.0,0,0,0.0,0.0,0.2222222222222222,0.0,0.058823529411764705
0.44680851063829785,0.25,0.0,1,0,0.0,0.0,0.2857142857142857,0.0,0.05
0.8297872340425532,0.3125,0.02564102564102564,0,1,0.0,0.0,0.38461538461538464,0.0,0.027777777777777776
0.5957446808510638,0.375,0.03571428571428571,0,0,0.0,0.0,0.17857142857142858,0.07142857142857142,0.038461538461538464
0.2978723404255319,0.4375,0.0,0,0,0.0,0.0,0.35714285714285715,0.0,0.0
0.5531914893617021,0.5,0.038461538461538464,0,0,0.0,0.0,0.23076923076923078,0.038461538461538464,0.04
0.3829787234042553,0.5625,0.0,0,0,0.0,0.0,0.3333333333333333,0.0,0.0
0.14893617021276595,0.625,0.0,0,0,0.0,0.0,0.14285714285714285,0.0,0.0
0.3404255319148936,0.6875,0.0,0,1,0.0,0.0,0.25,0.0625,0.0
0.10638297872340426,0.75,0.0,0,0,0.0,0.0,0.0,0.0,0.0
0.23404255319148937,0.8125,0.18181818181818182,0,0,0.0,0.0,0.36363636363636365,0.0,0.0
1.0,0.875,0.02127659574468085,0,0,0.0,0.0,0.2553191489361702,0.02127659574468085,0.044444444444444446
0.6382978723404256,0.9375,0.03333333333333333,0,0,0.0,0.0,0.4,0.0,0.034482758620689655
1.0,0.0,0.07692307692307693,0,0,0.0,0.0,0.5384615384615384,0.0,0.0
0.6923076923076923,0.5,0.1111111111111111,0,0,0.0,0.0,0.4444444444444444,0.1111111111111111,0.0
0.5777777777777777,0.0,0.038461538461538464,0,0,0.0,0.0,0.34615384615384615,0.038461538461538464,0.08
0.7111111111111111,0.05,0.09375,0,1,0.0,0.0,0.46875,0.0,0.03225806451612903
0.28888888888888886,0.1,0.0,0,0,0.0,0.0,0.38461538461538464,0.0,0.0
0.3111111111111111,0.15,0.14285714285714285,0,0,0.0,0.0,0.5,0.0,0.0
0.5777777777777777,0.2,0.07692307692307693,0,0,0.0,0.0,0.23076923076923078,0.0,0.041666666666666664
0.24444444444444444,0.25,0.09090909090909091,0,0,0.0,0.0,0.18181818181818182,0.09090909090909091,0.0
0.24444444444444444,0.3,0.09090909090909091,0,1,0.0,0.0,0.2727272727272727,0.0,0.0
0.4666666666666667,0.35,0.047619047619047616,0,1,0.0,0.0,0.42857142857142855,0.0,0.05
0.1111111111111111,0.4,0.0,0,0,0.0,0.0,0.2,0.0,0.0
0.26666666666666666,0.45,0.08333333333333333,0,0,0.0,0.0,0.08333333333333333,0.08333333333333333,0.0
0.4,0.5,0.05555555555555555,0,0,0.0,0.0,0.3333333333333333,0.05555555555555555,0.0
0.35555555555555557,0.55,0.0625,0,0,0.0,0.0,0.1875,0.0625,0.0
1.0,0.6,0.022222222222222223,0,1,0.0,0.0,0.37777777777777777,0.0,0.023255813953488372
0.2,0.65,0.0,0,0,0.0,0.0,0.2222222222222222,0.1111111111111111,0.0
0.6444444444444445,0.7,0.034482758620689655,0,1,0.0,0.0,0.3103448275862069,0.0,0.037037037037037035
0.4222222222222222,0.75,0.0,0,0,0.0,0.0,0.21052631578947367,0.05263157894736842,0.058823529411764705
0.3333333333333333,0.8,0.06666666666666667,0,0,0.0,0.0,0.3333333333333333,0.0,0.0
0.4666666666666667,0.85,0.047619047619047616,0,0,0.0,0.0,0.3333333333333333,0.047619047619047616,0.05
0.28888888888888886,0.9,0.07692307692307693,0,0,0.0,0.0,0.38461538461538464,0.0,0.0
0.3111111111111111,0.95,0.07142857142857142,0,1,0.0,0.0,0.21428571428571427,0.07142857142857142,0.0
0.4864864864864865,0.0,0.0,0,0,0.0,0.0,0.16666666666666666,0.0,0.058823529411764705
0.4594594594594595,0.043478260869565216,0.0,0,0,0.0,0.0,0.29411764705882354,0.058823529411764705,0.0
0.7567567567567568,0.08695652173913043,0.03571428571428571,0,0,0.0,0.0,0.17857142857142858,0.0,0.038461538461538464
0.21621621621621623,0.13043478260869565,0.125,0,0,0.0,0.0,0.25,0.0,0.0
0.5135135135135135,0.17391304347826086,0.0,0,0,0.0,0.0,0.3157894736842105,0.0,0.05555555555555555
0.5945945945945946,0.21739130434782608,0.045454545454545456,0,0,0.0,0.0,0.18181818181818182,0.045454545454545456,0.0
0.1891891891891892,0.2608695652173913,0.0,0,0,0.0,0.0,0.14285714285714285,0.0,0.0
0.2702702702702703,0.30434782608695654,0.1,0,0,0.0,0.0,0.3,0.0,0.0
1.0,0.34782608695652173,0.02702702702702703,0,1,0.0,0.0,0.4864864864864865,0.0,0.0
0.35135135135135137,0.391304347826087,0.0,0,1,0.0,0.0,0.23076923076923078,0.0,0.0
0.32432432432432434,0.43478260869565216,0.0,0,0,0.0,0.0,0.25,0.16666666666666666,0.0
0.21621621621621623,0.4782608695652174,0.0,0,0,0.0,0.0,0.25,0.0,0.0
0.2972972972972973,0.5217391304347826,0.18181818181818182,0,0,0.0,0.0,0.45454545454545453,0.0,0.0
0.35135135135135137,0.5652173913043478,0.0,0,0,0.0,0.0,0.38461538461538464,0.0,0.08333333333333333
0.35135135135135137,0.6086956521739131,0.07692307692307693,0,1,0.0,0.07692307692307693,0.6153846153846154,0.0,0.0
0.43243243243243246,0.6521739130434783,0.0625,1,0,0.0,0.0,0.25,0.0625,0.0
0.5405405405405406,0.6956521739130435,0.1,0,0,0.0,0.05,0.35,0.05,0.05263157894736842
0.4594594594594595,0.7391304347826086,0.11764705882352941,0,0,0.0,0.0,0.29411764705882354,0.0,0.0
0.43243243243243246,0.782608695652174,0.0625,0,1,0.0,0.0,0.3125,0.0,0.06666666666666667
0.7837837837837838,0.8260869565217391,0.034482758620689655,0,1,0.0,0.0,0.41379310344827586,0.0,0.0
0.32432432432432434,0.8695652173913043,0.08333333333333333,0,0,0.0,0.0,0.4166666666666667,0.0,0.09090909090909091
0.40540540540540543,0.9130434782608695,0.06666666666666667,0,0,0.0,0.0,0.4666666666666667,0.0,0.07142857142857142
0.13513513513513514,0.9565217391304348,0.0,0,1,0.0,0.0,0.4,0.0,0.0
1.0,0.0,0.0,0,0,0.0,0.0,0.25,0.0,0.0
0.9166666666666666,0.25,0.18181818181818182,1,0,0.0,0.0,0.36363636363636365,0.09090909090909091,0.0
0.75,0.5,0.2222222222222222,0,1,0.0,0.0,0.4444444444444444,0.1111111111111111,0.0
0.75,0.75,0.1111111111111111,0,1,0.0,0.1111111111111111,0.3333333333333333,0.0,0.0
0.6060606060606061,0.0,0.05,0,1,0.0,0.0,0.55,0.0,0.0
0.30303030303030304,0.25,0.1,0,0,0.0,0.0,0.3,0.0,0.0
1.0,0.5,0.030303030303030304,0,0,0.0,0.0,0.3333333333333333,0.030303030303030304,0.03125
0.18181818181818182,0.75,0.0,0,0,0.0,0.0,0.16666666666666666,0.16666666666666666,0.0
0.3333333333333333,0.0,0.0,0,0,0.0,0.0,0.3333333333333333,0.0,0.0
1.0,0.25,0.05555555555555555,0,1,0.0,0.0,0.3333333333333333,0.0,0.0
0.3333333333333333,0.5,0.0,0,0,0.0,0.0,0.6666666666666666,0.0,0.0
0.6111111111111112,0.75,0.09090909090909091,0,1,0.0,0.0,0.5454545454545454,0.0,0.0
1.0,0.0,0.1111111111111111,0,1,0.0,0.0,0.3333333333333333,0.0,0.0
1.0,0.0,0.1,0,1,0.0,0.0,0.35,0.0,0.0
0.75,0.3333333333333333,0.06666666666666667,0,1,0.0,0.0,0.5333333333333333,0.0,0.07142857142857142
0.05,0.6666666666666666,0.0,0,0,0.0,0.0,1.0,0.0,0.0
0.410958904109589,0.0,0.03333333333333333,0,1,0.0,0.0,0.43333333333333335,0.0,0.034482758620689655
1.0,0.5,0.0273972602739726,0,1,0.0,0.0,0.410958904109589,0.0136986301369863,0.0
0.24390243902439024,0.0,0.1,0,0,0.0,0.0,0.4,0.0,0.0
1.0,0.5,0.024390243902439025,0,0,0.0,0.0,0.34146341463414637,0.0,0.024390243902439025
0.38235294117647056,0.0,0.0,0,0,0.0,0.0,0.3076923076923077,0.0,0.0
0.2647058823529412,0.04,0.0,0,0,0.0,0.0,0.1111111111111111,0.0,0.0
0.7352941176470589,0.08,0.04,0,1,0.0,0.0,0.24,0.04,0.0
0.6764705882352942,0.12,0.043478260869565216,0,0,0.0,0.0,0.21739130434782608,0.043478260869565216,0.045454545454545456
0.47058823529411764,0.16,0.0625,0,0,0.0,0.0,0.3125,0.0,0.0
0.4411764705882353,0.2,0.06666666666666667,0,0,0.0,0.0,0.26666666666666666,0.0,0.0
0.8529411764705882,0.24,0.0,0,0,0.0,0.0,0.20689655172413793,0.034482758620689655,0.037037037037037035
0.5882352941176471,0.28,0.0,0,0,0.0,0.0,0.15,0.0,0.05263157894736842
0.6470588235294118,0.32,0.0,0,0,0.045454545454545456,0.0,0.22727272727272727,0.0,0.047619047619047616
0.47058823529411764,0.36,0.0625,0,0,0.0,0.0,0.3125,0.0625,0.0
0.6470588235294118,0.4,0.045454545454545456,0,1,0.0,0.0,0.3181818181818182,0.045454545454545456,0.047619047619047616
1.0,0.44,0.029411764705882353,0,0,0.0,0.0,0.23529411764705882,0.029411764705882353,0.030303030303030304
0.5,0.48,0.058823529411764705,0,0,0.0,0.0,0.35294117647058826,0.0,0.0
0.8823529411764706,0.52,0.03333333333333333,0,0,0.0,0.0,0.3,0.0,0.03571428571428571
0.17647058823529413,0.56,0.0,0,0,0.0,0.0,0.5,0.0,0.0
0.23529411764705882,0.6,0.0,0,0,0.0,0.0,0.25,0.0,0.0
0.5882352941176471,0.64,0.0,0,0,0.0,0.0,0.25,0.0,0.0
0.5882352941176471,0.68,0.0,0,0,0.0,0.0,0.25,0.0,0.05263157894736842
0.3235294117647059,0.72,0.09090909090909091,0,0,0.0,0.0,0.2727272727272727,0.0,0.0
0.3235294117647059,0.76,0.0,0,0,0.0,0.0,0.2727272727272727,0.09090909090909091,0.0
0.5588235294117647,0.8,0.10526315789473684,0,0,0.0,0.0,0.2631578947368421,0.15789473684210525,0.0
0.6176470588235294,0.84,0.047619047619047616,0,0,0.0,0.0,0.3333333333333333,0.09523809523809523,0.1
1.0,0.88,0.029411764705882353,0,0,0.0,0.0,0.29411764705882354,0.0,0.030303030303030304
0.38235294117647056,0.92,0.07692307692307693,0,0,0.0,0.0,0.38461538461538464,0.0,0.0
0.4411764705882353,0.96,0.06666666666666667,0,0,0.0,0.0,0.3333333333333333,0.0,0.0
0.75,0.0,0.047619047619047616,0,0,0.0,0.0,0.2857142857142857,0.0,0.0
1.0,0.07692307692307693,0.07142857142857142,0,0,0.0,0.0,0.4642857142857143,0.0,0.037037037037037035
0.4642857142857143,0.15384615384615385,0.07692307692307693,0,0,0.0,0.0,0.38461538461538464,0.07692307692307693,0.0
0.42857142857142855,0.23076923076923078,0.08333333333333333,0,0,0.0,0.0,0.3333333333333333,0.0,0.0
0.75,0.3076923076923077,0.047619047619047616,0,0,0.0,0.0,0.23809523809523808,0.047619047619047616,0.05263157894736842
0.8214285714285714,0.38461538461538464,0.043478260869565216,0,0,0.043478260869565216,0.0,0.2608695652173913,0.043478260869565216,0.0
0.7142857142857143,0.46153846153846156,0.05,0,0,0.0,0.0,0.3,0.05,0.05263157894736842
0.7142857142857143,0.5384615384615384,0.0,0,1,0.0,0.0,0.75,0.0,0.05263157894736842
1.0,0.6153846153846154,0.03571428571428571,0,0,0.0,0.0,0.35714285714285715,0.0,0.03571428571428571
0.32142857142857145,0.6923076923076923,0.0,0,0,0.0,0.0,0.2222222222222222,0.0,0.1111111111111111
0.8571428571428571,0.7692307692307693,0.041666666666666664,0,0,0.0,0.0,0.20833333333333334,0.041666666666666664,0.09523809523809523
0.75,0.8461538461538461,0.047619047619047616,0,0,0.0,0.0,0.19047619047619047,0.047619047619047616,0.05
0.21428571428571427,0.9230769230769231,0.0,0,1,0.0,0.5,0.8333333333333334,0.0,0.0
1.0,0.0,0.043478260869565216,0,1,0.0,0.0,0.391304347826087,0.043478260869565216,0.0
0.7391304347826086,0.25,0.058823529411764705,0,1,0.0,0.0,0.35294117647058826,0.058823529411764705,0.0
0.6086956521739131,0.5,0.0,0,1,0.0,0.0,0.42857142857142855,0.07142857142857142,0.0
0.5217391304347826,0.75,0.08333333333333333,0,0,0.0,0.0,0.4166666666666667,0.0,0.18181818181818182
0.10869565217391304,0.0,0.0,0,1,0.0,0.0,0.4,0.0,0.0
0.7391304347826086,0.06666666666666667,0.029411764705882353,0,1,0.0,0.0,0.35294117647058826,0.0,0.0
0.13043478260869565,0.13333333333333333,0.0,0,0,0.0,0.0,0.5,0.0,0.0
1.0,0.2,0.021739130434782608,0,0,0.0,0.0,0.34782608695652173,0.0,0.022222222222222223
0.30434782608695654,0.26666666666666666,0.07142857142857142,0,0,0.0,0.0,0.35714285714285715,0.0,0.0
0.45652173913043476,0.3333333333333333,0.0,0,1,0.0,0.0,0.23809523809523808,0.0,0.0
0.32608695652173914,0.4,0.0,0,1,0.0,0.0,0.4,0.0,0.0
0.34782608695652173,0.4666666666666667,0.0625,0,0,0.0,0.0,0.375,0.0,0.0
0.34782608695652173,0.5333333333333333,0.0625,0,0,0.0,0.0,0.25,0.0,0.0
0.391304347826087,0.6,0.05555555555555555,0,0,0.0,0.0,0.3888888888888889,0.0,0.0
0.43478260869565216,0.6666666666666666,0.05,0,0,0.0,0.0,0.3,0.05,0.05263157894736842
0.5869565217391305,0.7333333333333333,0.037037037037037035,0,0,0.0,0.0,0.2222222222222222,0.037037037037037035,0.0
0.6739130434782609,0.8,0.03225806451612903,0,1,0.0,0.0,0.4838709677419355,0.0,0.03333333333333333
0.5652173913043478,0.8666666666666667,0.0,0,1,0.0,0.0,0.23076923076923078,0.0,0.0
0.21739130434782608,0.9333333333333333,0.0,0,1,0.0,0.0,0.5,0.0,0.0
1.0,0.0,0.09090909090909091,0,1,0.0,0.0,0.45454545454545453,0.0,0.0
1.0,0.0,0.0,0,0,0.0,0.0,1.0,0.0,0.0
1.0,0.0,0.0,0,1,0.0,0.0,0.125,0.0,0.0
0.4444444444444444,0.0,0.05,0,1,0.0,0.0,0.4,0.0,0.0
0.4888888888888889,0.14285714285714285,0.045454545454545456,0,0,0.0,0.0,0.2727272727272727,0.0,0.045454545454545456
0.8222222222222222,0.2857142857142857,0.05405405405405406,0,0,0.0,0.0,0.35135135135135137,0.05405405405405406,0.027777777777777776
0.5555555555555556,0.42857142857142855,0.04,0,0,0.0,0.0,0.32,0.0,0.041666666666666664
0.4,0.5714285714285714,0.05555555555555555,0,0,0.0,0.0,0.2777777777777778,0.0,0.0
1.0,0.7142857142857143,0.022222222222222223,0,1,0.0,0.0,0.3111111111111111,0.0,0.022727272727272728
0.37777777777777777,0.8571428571428571,0.058823529411764705,0,0,0.0,0.0,0.29411764705882354,0.0,0.0
0.45,0.0,0.05555555555555555,0,0,0.0,0.0,0.2777777777777778,0.05555555555555555,0.058823529411764705
1.0,0.5,0.025,0,0,0.0,0.0,0.25,0.0,0.02564102564102564
1.0,0.0,0.0,0,1,0.0,0.0,0.6666666666666666,0.0,0.0
0.675,0.0,0.037037037037037035,0,0,0.0,0.0,0.25925925925925924,0.0,0.0
1.0,0.3333333333333333,0.025,0,1,0.0,0.0,0.275,0.075,0.02564102564102564
0.4,0.6666666666666666,0.0625,0,1,0.0,0.0,0.3125,0.125,0.0
0.36585365853658536,0.0,0.06666666666666667,0,0,0.0,0.0,0.5333333333333333,0.0,0.0
1.0,0.14285714285714285,0.024390243902439025,0,0,0.0,0.0,0.24390243902439024,0.04878048780487805,0.05263157894736842
0.6097560975609756,0.2857142857142857,0.0,0,0,0.0,0.0,0.36,0.0,0.041666666666666664
0.4634146341463415,0.42857142857142855,0.05263157894736842,0,0,0.0,0.0,0.2631578947368421,0.05263157894736842,0.0
0.6097560975609756,0.5714285714285714,0.0,0,0,0.0,0.0,0.36,0.12,0.041666666666666664
0.6829268292682927,0.7142857142857143,0.03571428571428571,0,0,0.0,0.0,0.25,0.10714285714285714,0.038461538461538464
0.4634146341463415,0.8571428571428571,0.0,0,0,0.0,0.0,0.21052631578947367,0.10526315789473684,0.0
0.23943661971830985,0.0,0.058823529411764705,0,1,0.0,0.0,0.5294117647058824,0.0,0.0
1.0,0.25,0.014084507042253521,0,1,0.0,0.0,0.5774647887323944,0.0,0.0
0.15492957746478872,0.5,0.09090909090909091,0,0,0.0,0.0,0.36363636363636365,0.0,0.0
0.29577464788732394,0.75,0.047619047619047616,0,1,0.0,0.0,0.5714285714285714,0.0,0.0
0.7297297297297297,0.0,0.037037037037037035,0,1,0.0,0.0,0.4074074074074074,0.0,0.0
1.0,0.5,0.02702702702702703,0,1,0.0,0.0,0.24324324324324326,0.0,0.0
1.0,0.0,0.017857142857142856,0,1,0.0,0.0,0.35714285714285715,0.0,0.0
0.4117647058823529,0.0,0.0,0,1,0.0,0.0,0.38095238095238093,0.0,0.0
0.37254901960784315,0.3333333333333333,0.05263157894736842,0,1,0.0,0.0,0.47368421052631576,0.0,0.0
1.0,0.6666666666666666,0.0,0,1,0.0,0.0,0.7058823529411765,0.0,0.0
0.5208333333333334,0.0,0.08,0,1,0.0,0.0,0.4,0.04,0.0
0.4791666666666667,0.03125,0.043478260869565216,0,0,0.0,0.0,0.21739130434782608,0.08695652173913043,0.0
0.6041666666666666,0.0625,0.034482758620689655,0,0,0.0,0.0,0.2413793103448276,0.034482758620689655,0.0
0.6458333333333334,0.09375,0.03225806451612903,0,0,0.0,0.0,0.3225806451612903,0.0,0.03225806451612903
0.5208333333333334,0.125,0.04,0,0,0.16,0.0,0.24,0.0,0.0
0.4583333333333333,0.15625,0.045454545454545456,0,1,0.0,0.0,0.2727272727272727,0.045454545454545456,0.0
0.14583333333333334,0.1875,0.0,0,0,0.0,0.0,0.2857142857142857,0.0,0.0
0.25,0.21875,0.0,0,0,0.0,0.0,0.16666666666666666,0.0,0.2
0.25,0.25,0.0,0,0,0.0,0.0,0.3333333333333333,0.0,0.0
0.2708333333333333,0.28125,0.07692307692307693,0,0,0.0,0.0,0.3076923076923077,0.0,0.0
0.3958333333333333,0.3125,0.05263157894736842,0,0,0.0,0.0,0.47368421052631576,0.0,0.058823529411764705
0.1875,0.34375,0.0,0,0,0.0,0.0,0.2222222222222222,0.0,0.0
0.5208333333333334,0.375,0.08,0,0,0.0,0.0,0.36,0.04,0.041666666666666664
0.4375,0.40625,0.047619047619047616,0,0,0.0,0.0,0.42857142857142855,0.0,0.05
0.2708333333333333,0.4375,0.0,0,0,0.0,0.0,0.38461538461538464,0.0,0.0
0.75,0.46875,0.027777777777777776,0,0,0.0,0.0,0.25,0.05555555555555555,0.02857142857142857
0.25,0.5,0.08333333333333333,0,0,0.0,0.0,0.4166666666666667,0.0,0.0
0.3125,0.53125,0.06666666666666667,0,0,0.0,0.0,0.3333333333333333,0.0,0.0
0.4166666666666667,0.5625,0.0,0,0,0.0,0.0,0.25,0.0,0.0
0.25,0.59375,0.08333333333333333,0,0,0.0,0.0,0.4166666666666667,0.0,0.0
0.5416666666666666,0.625,0.038461538461538464,0,0,0.0,0.0,0.19230769230769232,0.0,0.0
0.7916666666666666,0.65625,0.05263157894736842,0,0,0.0,0.0,0.2631578947368421,0.05263157894736842,0.02631578947368421
0.5,0.6875,0.08333333333333333,0,0,0.0,0.0,0.3333333333333333,0.0,0.043478260869565216
0.2708333333333333,0.71875,0.15384615384615385,0,0,0.0,0.0,0.46153846153846156,0.0,0.0
0.16666666666666666,0.75,0.0,0,0,0.0,0.0,0.5,0.0,0.0
0.5625,0.78125,0.037037037037037035,0,0,0.0,0.0,0.25925925925925924,0.0,0.0
1.0,0.8125,0.041666666666666664,0,1,0.0,0.0,0.3541666666666667,0.0,0.0
0.5208333333333334,0.84375,0.0,0,0,0.0,0.0,0.6,0.04,0.041666666666666664
0.25,0.875,0.0,0,0,0.0,0.0,0.4166666666666667,0.08333333333333333,0.0
0.625,0.90625,0.06666666666666667,0,1,0.0,0.0,0.4,0.0,0.034482758620689655
0.2708333333333333,0.9375,0.07692307692307693,0,0,0.0,0.0,0.38461538461538464,0.07692307692307693,0.0
0.6875,0.96875,0.030303030303030304,0,1,0.0,0.0,0.30303030303030304,0.0,0.0
1.0,0.0,0.08333333333333333,0,0,0.0,0.0,0.3333333333333333,0.0,0.0
1.0,0.0,0.03571428571428571,0,1,0.0,0.03571428571428571,0.2857142857142857,0.0,0.0
0.7857142857142857,0.3333333333333333,0.045454545454545456,0,0,0.0,0.0,0.36363636363636365,0.0,0.0
0.7857142857142857,0.6666666666666666,0.045454545454545456,0,0,0.0,0.0,0.36363636363636365,0.0,0.0
0.05263157894736842,0.0,0.0,0,1,0.0,1.0,0.5,0.0,0.0
0.21052631578947367,0.2,0.0,0,1,0.0,0.25,0.5,0.0,0.0
0.2894736842105263,0.4,0.0,0,1,0.0,0.0,0.45454545454545453,0.0,0.0
1.0,0.6,0.02631578947368421,0,1,0.0,0.0,0.3157894736842105,0.0,0.02702702702702703
0.42105263157894735,0.8,0.0625,0,1,0.0,0.0,0.5625,0.0,0.06666666666666667
1.0,0.0,0.125,0,1,0.0,0.0,0.5,0.0,0.0
0.3548387096774194,0.0,0.09090909090909091,0,0,0.09090909090909091,0.0,0.45454545454545453,0.0,0.0
0.3225806451612903,0.2,0.1,0,0,0.0,0.0,0.3,0.0,0.1111111111111111
0.967741935483871,0.4,0.03333333333333333,0,0,0.0,0.0,0.3333333333333333,0.0,0.06896551724137931
1.0,0.6,0.06451612903225806,0,0,0.0,0.0,0.22580645161290322,0.03225806451612903,0.0
0.6451612903225806,0.8,0.1,0,0,0.0,0.0,0.25,0.05,0.05
0.6428571428571429,0.0,0.1111111111111111,0,1,0.0,0.0,0.4444444444444444,0.037037037037037035,0.038461538461538464
0.19047619047619047,0.1111111111111111,0.125,0,0,0.0,0.0,0.625,0.125,0.0
0.5714285714285714,0.2222222222222222,0.08333333333333333,0,0,0.0,0.0,0.25,0.041666666666666664,0.043478260869565216
0.7619047619047619,0.3333333333333333,0.0625,0,0,0.0,0.0,0.4375,0.0,0.03225806451612903
0.2619047619047619,0.4444444444444444,0.0,0,0,0.0,0.0,0.45454545454545453,0.0,0.0
0.19047619047619047,0.5555555555555556,0.0,0,0,0.0,0.0,0.25,0.0,0.0
0.3333333333333333,0.6666666666666666,0.07142857142857142,0,0,0.0,0.0,0.35714285714285715,0.0,0.0
1.0,0.7777777777777778,0.023809523809523808,0,1,0.0,0.0,0.2619047619047619,0.0,0.0
0.2619047619047619,0.8888888888888888,0.0,0,0,0.0,0.0,0.36363636363636365,0.0,0.0
0.6666666666666666,0.0,0.03333333333333333,0,0,0.0,0.0,0.4666666666666667,0.03333333333333333,0.03571428571428571
1.0,0.5,0.022222222222222223,0,1,0.0,0.0,0.4666666666666667,0.06666666666666667,0.022727272727272728
1.0,0.0,0.041666666666666664,0,0,0.0,0.0,0.2916666666666667,0.0,0.0
1.0,0.0,0.0625,0,1,0.0,0.0,0.3125,0.0,0.07142857142857142
0.5625,0.25,0.0,0,0,0.0,0.0,0.6666666666666666,0.0,0.0
0.5625,0.5,0.1111111111111111,0,0,0.0,0.0,0.3333333333333333,0.0,0.0
0.6875,0.75,0.0,0,0,0.0,0.0,0.09090909090909091,0.09090909090909091,0.0
1.0,0.0,0.041666666666666664,0,0,0.0,0.0,0.3333333333333333,0.041666666666666664,0.043478260869565216
0.7916666666666666,0.06666666666666667,0.05263157894736842,0,1,0.0,0.0,0.2631578947368421,0.05263157894736842,0.0
0.25,0.13333333333333333,0.0,0,0,0.0,0.0,0.16666666666666666,0.0,0.0
0.875,0.2,0.047619047619047616,0,0,0.0,0.0,0.2857142857142857,0.0,0.0
0.7083333333333334,0.26666666666666666,0.0,0,0,0.0,0.0,0.23529411764705882,0.0,0.0
1.0,0.3333333333333333,0.041666666666666664,0,0,0.0,0.0,0.25,0.0,0.043478260869565216
0.7916666666666666,0.4,0.0,0,1,0.0,0.15789473684210525,0.42105263157894735,0.0,0.0
0.4583333333333333,0.4666666666666667,0.0,0,1,0.0,0.0,0.45454545454545453,0.0,0.0
0.8333333333333334,0.5333333333333333,0.05,0,1,0.0,0.0,0.4,0.0,0.0
0.625,0.6,0.06666666666666667,0,1,0.0,0.0,0.3333333333333333,0.0,0.0
0.625,0.6666666666666666,0.06666666666666667,0,1,0.0,0.0,0.26666666666666666,0.0,0.0
0.375,0.7333333333333333,0.1111111111111111,0,0,0.0,0.0,0.2222222222222222,0.0,0.0
0.5,0.8,0.0,0,0,0.0,0.0,0.25,0.0,0.0
0.6666666666666666,0.8666666666666667,0.0625,0,0,0.0625,0.0,0.3125,0.0625,0.0
0.25,0.9333333333333333,0.0,0,0,0.0,0.0,0.16666666666666666,0.16666666666666666,0.0
0.6,0.0,0.0,0,1,0.0,0.08333333333333333,0.4166666666666667,0.08333333333333333,0.09090909090909091
1.0,0.3333333333333333,0.05,0,1,0.05,0.0,0.4,0.0,0.0
0.55,0.6666666666666666,0.09090909090909091,0,1,0.0,0.0,0.2727272727272727,0.0,0.0
0.5714285714285714,0.0,0.0,0,1,0.0,0.0,0.5,0.0,0.0
1.0,0.3333333333333333,0.14285714285714285,0,1,0.0,0.0,0.42857142857142855,0.0,0.0
0.5714285714285714,0.6666666666666666,0.0,0,0,0.0,0.0,0.5,0.0,0.0
0.7333333333333333,0.0,0.0,0,1,0.0,0.0,0.5454545454545454,0.09090909090909091,0.0
0.4666666666666667,0.1111111111111111,0.14285714285714285,0,1,0.0,0.0,0.2857142857142857,0.0,0.0
0.4666666666666667,0.2222222222222222,0.0,0,0,0.0,0.14285714285714285,0.2857142857142857,0.14285714285714285,0.0
0.4,0.3333333333333333,0.0,0,0,0.0,0.0,0.6666666666666666,0.0,0.2
1.0,0.4444444444444444,0.06666666666666667,0,1,0.0,0.0,0.2,0.2,0.0
0.8,0.5555555555555556,0.08333333333333333,0,1,0.0,0.0,0.25,0.08333333333333333,0.0
0.8666666666666667,0.6666666666666666,0.15384615384615385,0,0,0.0,0.0,0.38461538461538464,0.0,0.0
0.6666666666666666,0.7777777777777778,0.1,0,1,0.0,0.0,0.3,0.1,0.0
0.6666666666666666,0.8888888888888888,0.0,0,1,0.0,0.0,0.4,0.0,0.0
0.5925925925925926,0.0,0.0625,0,0,0.0,0.0,0.3125,0.0,0.0
0.9629629629629629,0.25,0.07692307692307693,0,0,0.0,0.0,0.4230769230769231,0.0,0.04
0.8518518518518519,0.5,0.0,0,0,0.0,0.0,0.2608695652173913,0.043478260869565216,0.047619047619047616
1.0,0.75,0.037037037037037035,0,0,0.0,0.0,0.4074074074074074,0.037037037037037035,0.04
0.9666666666666667,0.0,0.06896551724137931,0,0,0.0,0.0,0.3793103448275862,0.0,0.0
0.03333333333333333,0.125,0.0,0,1,0.0,0.0,0.0,0.0,0.0
1.0,0.25,0.06666666666666667,0,0,0.0,0.0,0.3,0.0,0.0
0.8,0.375,0.041666666666666664,0,0,0.0,0.0,0.2916666666666667,0.0,0.043478260869565216
0.4666666666666667,0.5,0.0,0,1,0.0,0.0,0.14285714285714285,0.0,0.0
0.7333333333333333,0.625,0.0,0,0,0.0,0.0,0.2727272727272727,0.0,0.05
0.5333333333333333,0.75,0.0,0,1,0.125,0.0,0.25,0.0,0.0
0.2,0.875,0.0,0,0,0.0,0.0,0.3333333333333333,0.16666666666666666,0.0
0.9130434782608695,0.0,0.047619047619047616,0,0,0.0,0.0,0.38095238095238093,0.0,0.0
0.34782608695652173,0.3333333333333333,0.0,0,1,0.0,0.0,0.5,0.0,0.14285714285714285
1.0,0.6666666666666666,0.043478260869565216,0,0,0.0,0.0,0.30434782608695654,0.0,0.0
0.38636363636363635,0.0,0.058823529411764705,0,1,0.0,0.0,0.35294117647058826,0.0,0.06666666666666667
0.5681818181818182,0.125,0.04,0,0,0.0,0.0,0.32,0.04,0.041666666666666664
0.25,0.25,0.0,0,0,0.0,0.0,0.18181818181818182,0.0,0.0
0.3409090909090909,0.375,0.06666666666666667,0,0,0.0,0.0,0.26666666666666666,0.06666666666666667,0.0
0.7272727272727273,0.5,0.03125,0,0,0.0,0.0,0.34375,0.0,0.03225806451612903
0.6136363636363636,0.625,0.037037037037037035,0,1,0.0,0.0,0.48148148148148145,0.0,0.0
1.0,0.75,0.022727272727272728,0,1,0.0,0.0,0.38636363636363635,0.0,0.0
0.4772727272727273,0.875,0.0,0,1,0.0,0.0,0.42857142857142855,0.0,0.05
1.0,0.0,0.05,0,1,0.0,0.0,0.3,0.0,0.05263157894736842
0.8695652173913043,0.0,0.05,0,0,0.0,0.0,0.4,0.0,0.05555555555555555
0.9130434782608695,0.16666666666666666,0.047619047619047616,0,0,0.0,0.0,0.42857142857142855,0.0,0.05263157894736842
0.9130434782608695,0.3333333333333333,0.0,0,1,0.0,0.0,0.19047619047619047,0.0,0.0
0.8695652173913043,0.5,0.05,0,0,0.0,0.0,0.35,0.0,0.0
1.0,0.6666666666666666,0.043478260869565216,0,0,0.0,0.0,0.30434782608695654,0.0,0.045454545454545456
0.9130434782608695,0.8333333333333334,0.047619047619047616,0,0,0.0,0.0,0.3333333333333333,0.0,0.0
1.0,0.0,0.03636363636363636,0,1,0.0,0.0,0.34545454545454546,0.0,0.018867924528301886
0.01818181818181818,0.5,0.0,0,0,0.0,0.0,0.0,0.0,0.0
1.0,0.0,0.05263157894736842,0,0,0.0,0.0,0.3684210526315789,0.05263157894736842,0.0
1.0,0.0,0.08333333333333333,0,1,0.0,0.0,0.4166666666666667,0.0,0.0
0.6666666666666666,0.5,0.125,0,0,0.0,0.0,0.375,0.0,0.0
1.0,0.0,0.044444444444444446,0,1,0.0,0.0,0.5555555555555556,0.022222222222222223,0.023809523809523808
0.26666666666666666,0.07692307692307693,0.0,0,0,0.0,0.0,0.3333333333333333,0.0,0.0
0.6,0.15384615384615385,0.07407407407407407,0,0,0.0,0.0,0.37037037037037035,0.037037037037037035,0.0
0.5111111111111111,0.23076923076923078,0.08695652173913043,0,0,0.0,0.0,0.34782608695652173,0.0,0.0
0.6,0.3076923076923077,0.037037037037037035,0,0,0.0,0.0,0.4444444444444444,0.0,0.0
0.3333333333333333,0.38461538461538464,0.13333333333333333,0,0,0.0,0.0,0.4,0.06666666666666667,0.0
0.6,0.46153846153846156,0.1111111111111111,0,0,0.0,0.0,0.2962962962962963,0.0,0.0
0.6666666666666666,0.5384615384615384,0.06666666666666667,0,1,0.0,0.0,0.4666666666666667,0.0,0.034482758620689655
0.35555555555555557,0.6153846153846154,0.0625,0,1,0.0,0.0,0.1875,0.0,0.0625
0.1111111111111111,0.6923076923076923,0.4,0,1,0.0,0.0,0.4,0.0,0.0
0.06666666666666667,0.7692307692307693,0.0,0,0,0.0,0.0,1.0,0.0,0.0
0.6222222222222222,0.8461538461538461,0.03571428571428571,0,1,0.0,0.0,0.39285714285714285,0.0,0.037037037037037035
0.9111111111111111,0.9230769230769231,0.024390243902439025,0,0,0.0,0.0,0.3170731707317073,0.0,0.058823529411764705
1.0,0.0,0.0,0,1,0.0,0.0,0.42857142857142855,0.0,0.0
0.8571428571428571,0.14285714285714285,0.05555555555555555,0,0,0.0,0.0,0.3333333333333333,0.16666666666666666,0.07142857142857142
0.19047619047619047,0.2857142857142857,0.0,0,0,0.0,0.0,0.25,0.5,0.0
0.047619047619047616,0.42857142857142855,0.0,0,0,0.0,0.0,1.0,0.0,0.0
0.3333333333333333,0.5714285714285714,0.14285714285714285,0,1,0.0,0.0,0.2857142857142857,0.0,0.0
0.8571428571428571,0.7142857142857143,0.05555555555555555,0,1,0.0,0.0,0.2777777777777778,0.1111111111111111,0.0
0.47619047619047616,0.8571428571428571,0.0,0,1,0.0,0.0,0.3,0.1,0.0
0.46875,0.0,0.06666666666666667,0,0,0.0,0.0,0.3333333333333333,0.13333333333333333,0.07142857142857142
0.65625,0.125,0.047619047619047616,0,0,0.0,0.0,0.47619047619047616,0.047619047619047616,0.0
1.0,0.25,0.03125,0,0,0.0,0.0,0.25,0.0,0.0
0.65625,0.375,0.047619047619047616,0,1,0.0,0.0,0.2857142857142857,0.047619047619047616,0.05
0.5625,0.5,0.0,0,0,0.0,0.0,0.2777777777777778,0.05555555555555555,0.0
0.65625,0.625,0.047619047619047616,0,0,0.0,0.0,0.23809523809523808,0.09523809523809523,0.05263157894736842
0.5625,0.75,0.0,0,0,0.0,0.0,0.2222222222222222,0.0,0.125
0.3125,0.875,0.0,0,0,0.0,0.0,0.3,0.0,0.0
1.0,0.0,0.03571428571428571,0,1,0.0,0.0,0.32142857142857145,0.0,0.0
1.0,0.0,0.05,0,1,0.0,0.0,0.5,0.0,0.0
0.15,0.25,0.0,0,0,0.0,0.3333333333333333,0.3333333333333333,0.3333333333333333,0.0
0.3,0.5,0.0,0,1,0.0,0.0,0.3333333333333333,0.16666666666666666,0.0
0.05,0.75,0.0,0,0,0.0,0.0,1.0,0.0,0.0
0.7058823529411765,0.0,0.08333333333333333,0,1,0.0,0.0,0.4166666666666667,0.0,0.0
1.0,0.5,0.058823529411764705,0,1,0.0,0.0,0.47058823529411764,0.0,0.0
1.0,0.0,0.0,0,1,0.0,0.0,0.2,0.0,0.0
1.0,0.0,0.04,0,1,0.0,0.0,0.52,0.0,0.041666666666666664
0.8,0.3333333333333333,0.05,0,0,0.0,0.0,0.2,0.1,0.05263157894736842
0.28,0.6666666666666666,0.0,0,0,0.0,0.0,0.0,0.14285714285714285,0.0
0.5,0.0,0.047619047619047616,0,0,0.0,0.0,0.42857142857142855,0.0,0.05
0.6666666666666666,0.05263157894736842,0.03571428571428571,0,0,0.0,0.0,0.35714285714285715,0.0,0.0
0.7142857142857143,0.10526315789473684,0.03333333333333333,0,0,0.0,0.0,0.23333333333333334,0.0,0.03333333333333333
0.5714285714285714,0.15789473684210525,0.0,0,0,0.0,0.0,0.375,0.041666666666666664,0.0
0.30952380952380953,0.21052631578947367,0.07692307692307693,0,0,0.07692307692307693,0.0,0.3076923076923077,0.0,0.0
0.40476190476190477,0.2631578947368421,0.058823529411764705,0,0,0.0,0.0,0.29411764705882354,0.058823529411764705,0.0
0.8095238095238095,0.3157894736842105,0.058823529411764705,0,0,0.0,0.0,0.2647058823529412,0.029411764705882353,0.030303030303030304
0.9761904761904762,0.3684210526315789,0.04878048780487805,0,0,0.0,0.0,0.2926829268292683,0.024390243902439025,0.05
0.30952380952380953,0.42105263157894735,0.0,0,0,0.0,0.0,0.3076923076923077,0.15384615384615385,0.0
0.3333333333333333,0.47368421052631576,0.07142857142857142,0,0,0.0,0.0,0.35714285714285715,0.0,0.0
0.35714285714285715,0.5263157894736842,0.06666666666666667,0,0,0.0,0.0,0.4,0.0,0.0
0.7380952380952381,0.5789473684210527,0.03225806451612903,0,0,0.0,0.0,0.22580645161290322,0.06451612903225806,0.03333333333333333
0.7380952380952381,0.631578947368421,0.03225806451612903,0,0,0.0,0.0,0.41935483870967744,0.03225806451612903,0.03333333333333333
0.35714285714285715,0.6842105263157895,0.06666666666666667,0,0,0.0,0.0,0.3333333333333333,0.06666666666666667,0.07142857142857142
0.8809523809523809,0.7368421052631579,0.0,0,0,0.0,0.0,0.13513513513513514,0.13513513513513514,0.02857142857142857
0.35714285714285715,0.7894736842105263,0.06666666666666667,0,0,0.0,0.0,0.26666666666666666,0.2,0.14285714285714285
1.0,0.8421052631578947,0.023809523809523808,0,0,0.0,0.0,0.21428571428571427,0.047619047619047616,0.024390243902439025
0.5238095238095238,0.8947368421052632,0.045454545454545456,0,0,0.0,0.0,0.4090909090909091,0.0,0.047619047619047616
0.19047619047619047,0.9473684210526315,0.0,0,0,0.0,0.0,0.125,0.0,0.0
0.6842105263157895,0.0,0.0,0,1,0.0,0.0,0.38461538461538464,0.07692307692307693,0.0
0.47368421052631576,0.125,0.1111111111111111,0,1,0.0,0.0,0.3333333333333333,0.0,0.0
1.0,0.25,0.0,0,0,0.0,0.0,0.42105263157894735,0.05263157894736842,0.05555555555555555
0.7368421052631579,0.375,0.07142857142857142,0,1,0.0,0.0,0.2857142857142857,0.07142857142857142,0.0
0.7894736842105263,0.5,0.13333333333333333,0,0,0.0,0.06666666666666667,0.4666666666666667,0.0,0.0
0.7894736842105263,0.625,0.06666666666666667,0,0,0.0,0.0,0.4666666666666667,0.06666666666666667,0.0
0.3157894736842105,0.75,0.0,0,0,0.0,0.0,0.3333333333333333,0.16666666666666666,0.0
0.5263157894736842,0.875,0.0,0,1,0.0,0.0,0.4,0.0,0.0
1.0,0.0,0.058823529411764705,0,1,0.0,0.0,0.35294117647058826,0.0,0.0
0.5238095238095238,0.0,0.09090909090909091,0,0,0.0,0.0,0.18181818181818182,0.0,0.1
1.0,0.2,0.047619047619047616,0,0,0.0,0.0,0.14285714285714285,0.0,0.0
0.6666666666666666,0.4,0.07142857142857142,0,0,0.0,0.0,0.35714285714285715,0.0,0.07142857142857142
0.5714285714285714,0.6,0.08333333333333333,0,0,0.0,0.0,0.25,0.0,0.09090909090909091
0.7142857142857143,0.8,0.0,0,1,0.0,0.0,0.4666666666666667,0.0,0.0
1.0,0.0,0.02040816326530612,0,1,0.0,0.0,0.24489795918367346,0.02040816326530612,0.02040816326530612
0.673469387755102,0.3333333333333333,0.030303030303030304,0,0,0.0,0.0,0.2727272727272727,0.030303030303030304,0.06451612903225806
0.22448979591836735,0.6666666666666666,0.09090909090909091,0,0,0.0,0.0,0.18181818181818182,0.0,0.0
1.0,0.0,0.09090909090909091,0,1,0.0,0.0,0.36363636363636365,0.0,0.0
0.5454545454545454,0.5,0.08333333333333333,0,0,0.0,0.0,0.3333333333333333,0.08333333333333333,0.0
1.0,0.0,0.03333333333333333,0,1,0.0,0.0,0.43333333333333335,0.0,0.034482758620689655
0.5333333333333333,0.3333333333333333,0.0625,0,1,0.0,0.0,0.3125,0.0,0.0
0.3,0.6666666666666666,0.0,0,1,0.0,0.0,0.5555555555555556,0.0,0.0
1.0,0.0,0.1111111111111111,0,1,0.0,0.0,0.2222222222222222,0.0,0.0
1.0,0.5,0.05555555555555555,0,0,0.0,0.0,0.3333333333333333,0.0,0.0
0.6363636363636364,0.0,0.047619047619047616,0,0,0.0,0.0,0.38095238095238093,0.0,0.05
0.6060606060606061,0.1111111111111111,0.0,1,0,0.0,0.0,0.3,0.0,0.0
0.36363636363636365,0.2222222222222222,0.08333333333333333,0,0,0.0,0.0,0.4166666666666667,0.0,0.0
1.0,0.3333333333333333,0.030303030303030304,1,0,0.0,0.0,0.21212121212121213,0.0,0.03225806451612903
0.30303030303030304,0.4444444444444444,0.0,0,0,0.0,0.0,0.3,0.0,0.0
0.6060606060606061,0.5555555555555556,0.05,0,0,0.0,0.0,0.45,0.0,0.10526315789473684
0.6363636363636364,0.6666666666666666,0.09523809523809523,0,0,0.0,0.0,0.38095238095238093,0.0,0.0
0.8181818181818182,0.7777777777777778,0.1111111111111111,0,0,0.0,0.0,0.3333333333333333,0.0,0.038461538461538464
0.24242424242424243,0.8888888888888888,0.125,0,0,0.0,0.0,0.375,0.0,0.0
1.0,0.0,0.0,0,0,0.0,0.0,1.0,0.0,0.0
0.45,0.0,0.0,0,1,0.0,0.0,0.4444444444444444,0.1111111111111111,0.0
0.5,0.125,0.1,0,1,0.0,0.0,0.3,0.0,0.0
0.7,0.25,0.07142857142857142,0,1,0.0,0.0,0.5714285714285714,0.0,0.0
1.0,0.375,0.05,0,1,0.0,0.0,0.35,0.05,0.125
0.7,0.5,0.07142857142857142,0,0,0.0,0.0,0.35714285714285715,0.07142857142857142,0.0
0.6,0.625,0.0,0,0,0.0,0.0,0.25,0.16666666666666666,0.09090909090909091
0.45,0.75,0.0,0,0,0.0,0.1111111111111111,0.5555555555555556,0.0,0.0
0.15,0.875,0.0,0,1,0.0,0.0,0.3333333333333333,0.0,0.0
0.9545454545454546,0.0,0.047619047619047616,0,1,0.0,0.0,0.38095238095238093,0.0,0.0
0.29545454545454547,0.03333333333333333,0.0,0,0,0.0,0.0,0.3076923076923077,0.07692307692307693,0.0
0.5909090909090909,0.06666666666666667,0.038461538461538464,0,0,0.0,0.0,0.3076923076923077,0.0,0.08695652173913043
0.38636363636363635,0.1,0.058823529411764705,0,0,0.0,0.0,0.4117647058823529,0.0,0.0
0.6363636363636364,0.13333333333333333,0.03571428571428571,0,0,0.0,0.0,0.32142857142857145,0.0,0.037037037037037035
0.22727272727272727,0.16666666666666666,0.1,0,0,0.0,0.0,0.3,0.1,0.0
0.5909090909090909,0.2,0.0,0,0,0.0,0.0,0.23076923076923078,0.0,0.0
0.29545454545454547,0.23333333333333334,0.0,0,1,0.0,0.0,0.46153846153846156,0.0,0.08333333333333333
0.4090909090909091,0.26666666666666666,0.05555555555555555,0,0,0.0,0.0,0.2777777777777778,0.05555555555555555,0.05555555555555555
0.4772727272727273,0.3,0.047619047619047616,0,1,0.0,0.0,0.3333333333333333,0.09523809523809523,0.05
0.5909090909090909,0.3333333333333333,0.038461538461538464,0,0,0.0,0.0,0.23076923076923078,0.038461538461538464,0.04
0.25,0.36666666666666664,0.0,0,0,0.0,0.0,0.2727272727272727,0.18181818181818182,0.0
0.6818181818181818,0.4,0.03333333333333333,0,0,0.0,0.0,0.26666666666666666,0.0,0.0
0.4090909090909091,0.43333333333333335,0.05555555555555555,0,0,0.0,0.0,0.3333333333333333,0.0,0.0
0.7954545454545454,0.4666666666666667,0.02857142857142857,0,0,0.0,0.0,0.37142857142857144,0.0,0.03125
0.18181818181818182,0.5,0.125,0,0,0.0,0.0,0.375,0.0,0.14285714285714285
0.8863636363636364,0.5333333333333333,0.05128205128205128,0,0,0.0,0.0,0.46153846153846156,0.0,0.02702702702702703
1.0,0.5666666666666667,0.022727272727272728,0,0,0.0,0.0,0.4772727272727273,0.0,0.023809523809523808
0.5,0.6,0.0,0,0,0.0,0.0,0.4090909090909091,0.0,0.0
0.5909090909090909,0.6333333333333333,0.07692307692307693,0,0,0.0,0.0,0.3076923076923077,0.0,0.04
0.36363636363636365,0.6666666666666666,0.125,0,0,0.0,0.0,0.375,0.0,0.0
0.25,0.7,0.0,0,0,0.0,0.0,0.2727272727272727,0.0,0.0
0.45454545454545453,0.7333333333333333,0.1,0,1,0.0,0.0,0.3,0.0,0.0
0.6590909090909091,0.7666666666666667,0.06896551724137931,0,0,0.0,0.0,0.3448275862068966,0.0,0.0
0.4772727272727273,0.8,0.09523809523809523,0,0,0.0,0.0,0.42857142857142855,0.0,0.0
0.20454545454545456,0.8333333333333334,0.0,0,0,0.0,0.0,0.2222222222222222,0.0,0.0
0.6590909090909091,0.8666666666666667,0.06896551724137931,0,0,0.0,0.0,0.3103448275862069,0.0,0.0
0.25,0.9,0.09090909090909091,0,0,0.0,0.0,0.2727272727272727,0.0,0.0
0.20454545454545456,0.9333333333333333,0.1111111111111111,0,0,0.0,0.0,0.1111111111111111,0.0,0.0
0.9772727272727273,0.9666666666666667,0.046511627906976744,0,1,0.0,0.0,0.37209302325581395,0.023255813953488372,0.024390243902439025
0.8717948717948718,0.0,0.08823529411764706,0,0,0.0,0.0,0.4117647058823529,0.0,0.0
1.0,0.05555555555555555,0.05128205128205128,0,1,0.0,0.0,0.3076923076923077,0.0,0.0
0.6923076923076923,0.1111111111111111,0.037037037037037035,0,1,0.0,0.0,0.37037037037037035,0.0,0.038461538461538464
0.5384615384615384,0.16666666666666666,0.09523809523809523,0,1,0.0,0.0,0.3333333333333333,0.0,0.05
0.41025641025641024,0.2222222222222222,0.125,0,0,0.0,0.0,0.1875,0.0,0.0625
0.6153846153846154,0.2777777777777778,0.08333333333333333,0,0,0.0,0.0,0.20833333333333334,0.041666666666666664,0.0
0.38461538461538464,0.3333333333333333,0.06666666666666667,0,1,0.0,0.0,0.4,0.0,0.0
0.4358974358974359,0.3888888888888889,0.0,0,0,0.0,0.0,0.29411764705882354,0.058823529411764705,0.0
0.46153846153846156,0.4444444444444444,0.05555555555555555,0,0,0.0,0.0,0.2222222222222222,0.0,0.0
0.4358974358974359,0.5,0.17647058823529413,0,0,0.0,0.0,0.4117647058823529,0.0,0.0
0.23076923076923078,0.5555555555555556,0.0,0,0,0.0,0.0,0.3333333333333333,0.0,0.0
0.20512820512820512,0.6111111111111112,0.0,0,0,0.0,0.0,0.25,0.0,0.0
0.4358974358974359,0.6666666666666666,0.058823529411764705,0,0,0.0,0.0,0.29411764705882354,0.0,0.0
0.5384615384615384,0.7222222222222222,0.047619047619047616,0,0,0.0,0.0,0.23809523809523808,0.047619047619047616,0.047619047619047616
0.7692307692307693,0.7777777777777778,0.06666666666666667,0,0,0.0,0.0,0.3,0.06666666666666667,0.034482758620689655
0.717948717948718,0.8333333333333334,0.07142857142857142,0,1,0.0,0.0,0.35714285714285715,0.0,0.0
0.2564102564102564,0.8888888888888888,0.0,0,1,0.0,0.0,0.3,0.0,0.1111111111111111
0.717948717948718,0.9444444444444444,0.03571428571428571,0,1,0.0,0.0,0.25,0.03571428571428571,0.0
0.3125,0.0,0.13333333333333333,0,1,0.0,0.0,0.4666666666666667,0.0,0.07142857142857142
0.25,0.025,0.0,0,0,0.0,0.0,0.3333333333333333,0.08333333333333333,0.09090909090909091
0.3541666666666667,0.05,0.058823529411764705,0,0,0.0,0.0,0.35294117647058826,0.0,0.0
0.4166666666666667,0.075,0.05,0,0,0.0,0.0,0.3,0.0,0.05263157894736842
0.25,0.1,0.08333333333333333,0,0,0.0,0.0,0.25,0.0,0.0
0.2916666666666667,0.125,0.0,0,0,0.0,0.0,0.42857142857142855,0.0,0.07692307692307693
0.3125,0.15,0.06666666666666667,0,1,0.0,0.13333333333333333,0.4,0.0,0.0
0.3333333333333333,0.175,0.0625,0,0,0.0,0.0,0.375,0.0,0.06666666666666667
0.20833333333333334,0.2,0.1,0,1,0.0,0.1,0.6,0.0,0.1111111111111111
0.22916666666666666,0.225,0.09090909090909091,0,0,0.0,0.0,0.45454545454545453,0.0,0.1
0.16666666666666666,0.25,0.0,0,0,0.0,0.0,0.375,0.0,0.0
1.0,0.275,0.0625,0,1,0.0,0.08333333333333333,0.3541666666666667,0.0,0.021739130434782608
0.14583333333333334,0.3,0.0,0,0,0.0,0.5714285714285714,1.0,0.0,0.0
0.25,0.325,0.08333333333333333,0,0,0.0,0.0,0.5,0.0,0.0
0.25,0.35,0.0,0,0,0.0,0.0,0.25,0.0,0.0
0.5625,0.375,0.037037037037037035,0,0,0.0,0.0,0.2222222222222222,0.0,0.0
0.0625,0.4,0.0,0,0,0.0,0.0,1.0,0.0,0.0
0.25,0.425,0.0,0,0,0.0,0.0,0.5,0.0,0.0
0.16666666666666666,0.45,0.125,1,0,0.0,0.0,0.25,0.125,0.0
0.8125,0.475,0.02564102564102564,0,1,0.0,0.07692307692307693,0.23076923076923078,0.0,0.0
0.2708333333333333,0.5,0.07692307692307693,0,1,0.0,0.0,0.38461538461538464,0.0,0.0
0.2916666666666667,0.525,0.07142857142857142,0,1,0.0,0.0,0.21428571428571427,0.0,0.07692307692307693
0.2708333333333333,0.55,0.07692307692307693,0,1,0.0,0.0,0.23076923076923078,0.0,0.08333333333333333
0.20833333333333334,0.575,0.1,0,0,0.0,0.0,0.3,0.0,0.0
0.3125,0.6,0.06666666666666667,0,0,0.0,0.0,0.4,0.0,0.0
0.4166666666666667,0.625,0.0,0,1,0.0,0.0,0.2,0.0,0.0
0.625,0.65,0.0,0,1,0.0,0.0,0.23333333333333334,0.0,0.034482758620689655
0.1875,0.675,0.0,0,0,0.0,0.0,0.4444444444444444,0.0,0.0
0.2708333333333333,0.7,0.07692307692307693,0,0,0.0,0.0,0.3076923076923077,0.0,0.0
0.22916666666666666,0.725,0.09090909090909091,0,1,0.0,0.36363636363636365,0.2727272727272727,0.0,0.0
0.1875,0.75,0.0,0,0,0.0,0.4444444444444444,0.7777777777777778,0.0,0.0
0.4375,0.775,0.047619047619047616,0,1,0.0,0.0,0.38095238095238093,0.0,0.05
0.08333333333333333,0.8,0.0,0,0,0.0,0.0,0.5,0.0,0.0
0.375,0.825,0.05555555555555555,0,0,0.0,0.0,0.3888888888888889,0.0,0.05555555555555555
0.5833333333333334,0.85,0.03571428571428571,1,1,0.0,0.03571428571428571,0.6071428571428571,0.0,0.037037037037037035
0.020833333333333332,0.875,0.0,0,1,0.0,0.0,0.0,0.0,0.0
0.4583333333333333,0.9,0.045454545454545456,0,1,0.0,0.0,0.5,0.0,0.0
0.3541666666666667,0.925,0.0,0,1,0.0,0.0,0.47058823529411764,0.0,0.0625
0.375,0.95,0.0,0,1,0.0,0.0,0.4444444444444444,0.0,0.058823529411764705
0.4791666666666667,0.975,0.043478260869565216,0,0,0.0,0.0,0.2608695652173913,0.043478260869565216,0.045454545454545456
1.0,0.0,0.0,0,1,0.0,0.0,0.5,0.0,0.0
0.6666666666666666,0.0,0.05555555555555555,1,0,0.0,0.0,0.3888888888888889,0.0,0.11764705882352941
1.0,0.3333333333333333,0.037037037037037035,0,1,0.0,0.0,0.2962962962962963,0.0,0.0
0.6296296296296297,0.6666666666666666,0.058823529411764705,0,0,0.0,0.0,0.29411764705882354,0.058823529411764705,0.0625
0.6,0.0,0.041666666666666664,1,0,0.0,0.0,0.4583333333333333,0.041666666666666664,0.043478260869565216
1.0,0.05,0.025,0,0,0.0,0.0,0.3,0.0,0.0
0.425,0.1,0.058823529411764705,0,0,0.0,0.0,0.29411764705882354,0.0,0.0
0.575,0.15,0.043478260869565216,0,1,0.0,0.0,0.4782608695652174,0.0,0.045454545454545456
0.6,0.2,0.0,0,0,0.0,0.0,0.25,0.08333333333333333,0.0
0.375,0.25,0.0,0,0,0.0,0.0,0.4666666666666667,0.0,0.07142857142857142
0.475,0.3,0.05263157894736842,0,0,0.0,0.0,0.42105263157894735,0.0,0.0
0.5,0.35,0.05,0,0,0.0,0.0,0.35,0.0,0.0
0.6,0.4,0.041666666666666664,0,0,0.0,0.0,0.25,0.0,0.045454545454545456
0.475,0.45,0.0,0,0,0.0,0.0,0.3157894736842105,0.0,0.05555555555555555
0.4,0.5,0.0,0,0,0.0,0.0,0.25,0.0,0.06666666666666667
0.85,0.55,0.029411764705882353,1,0,0.0,0.0,0.3235294117647059,0.0,0.030303030303030304
0.225,0.6,0.0,0,0,0.0,0.0,0.4444444444444444,0.0,0.0
0.35,0.65,0.07142857142857142,0,1,0.0,0.0,0.2857142857142857,0.0,0.07692307692307693
0.825,0.7,0.030303030303030304,0,1,0.0,0.0,0.3939393939393939,0.0,0.03125
0.375,0.75,0.13333333333333333,0,0,0.0,0.0,0.4,0.0,0.0
0.2,0.8,0.125,0,0,0.0,0.0,0.5,0.0,0.0
0.475,0.85,0.05263157894736842,0,1,0.0,0.0,0.3684210526315789,0.0,0.0
0.475,0.9,0.05263157894736842,0,0,0.0,0.0,0.21052631578947367,0.10526315789473684,0.0
0.275,0.95,0.09090909090909091,0,0,0.0,0.0,0.5454545454545454,0.0,0.0
0.16923076923076924,0.0,0.0,0,0,0.0,0.0,0.2727272727272727,0.09090909090909091,0.1111111111111111
0.27692307692307694,0.08333333333333333,0.0,0,0,0.0,0.0,0.3333333333333333,0.0,0.0
0.24615384615384617,0.16666666666666666,0.0625,0,0,0.0,0.0,0.375,0.0,0.0
0.23076923076923078,0.25,0.0,0,0,0.0,0.0,0.26666666666666666,0.06666666666666667,0.14285714285714285
0.36923076923076925,0.3333333333333333,0.041666666666666664,0,0,0.0,0.0,0.375,0.0,0.043478260869565216
0.3230769230769231,0.4166666666666667,0.047619047619047616,0,0,0.0,0.0,0.3333333333333333,0.09523809523809523,0.05263157894736842
0.1076923076923077,0.5,0.0,0,0,0.0,0.0,0.2857142857142857,0.14285714285714285,0.0
0.23076923076923078,0.5833333333333334,0.06666666666666667,0,1,0.0,0.0,0.4,0.06666666666666667,0.0
0.24615384615384617,0.6666666666666666,0.125,0,1,0.0,0.0,0.4375,0.0,0.0
1.0,0.75,0.03076923076923077,0,1,0.0,0.0,0.35384615384615387,0.015384615384615385,0.03225806451612903
0.4461538461538462,0.8333333333333334,0.034482758620689655,0,1,0.0,0.0,0.27586206896551724,0.0,0.03571428571428571
0.23076923076923078,0.9166666666666666,0.06666666666666667,0,0,0.0,0.0,0.2,0.06666666666666667,0.06666666666666667
1.0,0.0,0.0,0,1,0.0,0.0,0.5,0.0,0.0
0.6153846153846154,0.0,0.0625,0,1,0.0,0.0,0.25,0.0,0.03225806451612903
1.0,0.2,0.019230769230769232,0,1,0.0,0.0,0.34615384615384615,0.0,0.02040816326530612
0.5192307692307693,0.4,0.037037037037037035,0,1,0.0,0.0,0.37037037037037035,0.0,0.0
0.057692307692307696,0.6,0.0,0,1,0.0,0.0,0.0,0.0,0.0
0.8653846153846154,0.8,0.022222222222222223,0,1,0.0,0.0,0.4222222222222222,0.0,0.0
0.9545454545454546,0.0,0.09523809523809523,0,1,0.0,0.0,0.42857142857142855,0.0,0.0
0.5454545454545454,0.25,0.08333333333333333,0,0,0.0,0.0,0.25,0.08333333333333333,0.0
1.0,0.5,0.045454545454545456,0,0,0.0,0.0,0.3181818181818182,0.0,0.0
0.9545454545454546,0.75,0.0,0,1,0.0,0.0,0.38095238095238093,0.0,0.05
0.2926829268292683,0.0,0.0,0,1,0.0,0.0,0.16666666666666666,0.08333333333333333,0.09090909090909091
0.6341463414634146,0.0625,0.038461538461538464,0,0,0.0,0.0,0.23076923076923078,0.0,0.0
1.0,0.125,0.024390243902439025,0,1,0.0,0.0,0.2682926829268293,0.024390243902439025,0.025
0.34146341463414637,0.1875,0.0,0,1,0.0,0.0,0.2857142857142857,0.0,0.0
0.21951219512195122,0.25,0.0,0,0,0.0,0.0,0.3333333333333333,0.0,0.0
0.24390243902439024,0.3125,0.0,0,0,0.0,0.0,0.3,0.0,0.0
0.5609756097560976,0.375,0.043478260869565216,0,0,0.0,0.0,0.2608695652173913,0.0,0.0
0.3902439024390244,0.4375,0.0,0,0,0.0,0.0,0.3125,0.0,0.0
0.2682926829268293,0.5,0.09090909090909091,0,0,0.0,0.0,0.36363636363636365,0.0,0.1
0.24390243902439024,0.5625,0.0,0,0,0.0,0.0,0.2,0.1,0.1
0.5853658536585366,0.625,0.0,0,1,0.0,0.0,0.25,0.041666666666666664,0.043478260869565216
0.6585365853658537,0.6875,0.037037037037037035,0,1,0.0,0.0,0.2962962962962963,0.037037037037037035,0.08333333333333333
0.6829268292682927,0.75,0.03571428571428571,0,0,0.0,0.0,0.21428571428571427,0.07142857142857142,0.07407407407407407
0.8780487804878049,0.8125,0.027777777777777776,0,1,0.0,0.0,0.3333333333333333,0.0,0.030303030303030304
0.6829268292682927,0.875,0.0,0,0,0.0,0.0,0.35714285714285715,0.0,0.037037037037037035
0.6829268292682927,0.9375,0.03571428571428571,0,1,0.0,0.0,0.17857142857142858,0.0,0.037037037037037035
1.0,0.0,0.0,0,1,0.0,0.0,0.3888888888888889,0.0,0.0
0.5,0.5,0.0,0,1,0.0,0.0,0.3333333333333333,0.0,0.125
0.6388888888888888,0.0,0.043478260869565216,0,1,0.0,0.0,0.21739130434782608,0.0,0.045454545454545456
0.2777777777777778,0.058823529411764705,0.1,0,1,0.0,0.0,0.3,0.0,0.0
0.6111111111111112,0.11764705882352941,0.045454545454545456,0,1,0.0,0.0,0.4090909090909091,0.0,0.05
0.3055555555555556,0.17647058823529413,0.09090909090909091,0,1,0.0,0.0,0.36363636363636365,0.0,0.0
0.3333333333333333,0.23529411764705882,0.0,0,1,0.0,0.0,0.5,0.0,0.09090909090909091
0.9166666666666666,0.29411764705882354,0.030303030303030304,0,1,0.0,0.0,0.18181818181818182,0.0,0.03125
0.6944444444444444,0.35294117647058826,0.0,0,1,0.0,0.04,0.24,0.0,0.08695652173913043
0.8611111111111112,0.4117647058823529,0.0,0,0,0.0,0.0,0.41935483870967744,0.0,0.03333333333333333
0.9166666666666666,0.47058823529411764,0.030303030303030304,0,0,0.0,0.0,0.36363636363636365,0.0,0.03125
0.8333333333333334,0.5294117647058824,0.03333333333333333,0,0,0.0,0.0,0.5333333333333333,0.0,0.03571428571428571
0.6388888888888888,0.5882352941176471,0.043478260869565216,0,1,0.0,0.0,0.4782608695652174,0.0,0.045454545454545456
0.5833333333333334,0.6470588235294118,0.09523809523809523,0,1,0.0,0.0,0.38095238095238093,0.0,0.0
1.0,0.7058823529411765,0.05555555555555555,0,1,0.0,0.0,0.19444444444444445,0.0,0.02857142857142857
0.8611111111111112,0.7647058823529411,0.03225806451612903,0,1,0.0,0.0,0.16129032258064516,0.06451612903225806,0.03333333333333333
0.25,0.8235294117647058,0.0,0,0,0.0,0.0,0.3333333333333333,0.0,0.0
1.0,0.8823529411764706,0.0,0,1,0.05555555555555555,0.0,0.2777777777777778,0.0,0.029411764705882353
0.4722222222222222,0.9411764705882353,0.058823529411764705,0,1,0.0,0.0,0.29411764705882354,0.0,0.0
0.5818181818181818,0.0,0.03125,0,0,0.0,0.0,0.3125,0.0625,0.03225806451612903
0.23636363636363636,0.03333333333333333,0.0,0,0,0.0,0.07692307692307693,0.46153846153846156,0.0,0.0
0.07272727272727272,0.06666666666666667,0.0,0,0,0.0,0.0,0.25,0.0,0.0
0.2727272727272727,0.1,0.06666666666666667,0,0,0.0,0.0,0.8666666666666667,0.0,0.0
0.38181818181818183,0.13333333333333333,0.047619047619047616,0,1,0.0,0.0,0.38095238095238093,0.0,0.05263157894736842
0.36363636363636365,0.16666666666666666,0.1,0,0,0.0,0.0,0.35,0.0,0.0
0.38181818181818183,0.2,0.047619047619047616,0,0,0.0,0.0,0.3333333333333333,0.0,0.05
0.4909090909090909,0.23333333333333334,0.07407407407407407,0,0,0.0,0.0,0.4074074074074074,0.0,0.04
0.38181818181818183,0.26666666666666666,0.09523809523809523,0,0,0.0,0.0,0.23809523809523808,0.0,0.05
0.4,0.3,0.045454545454545456,0,0,0.0,0.0,0.3181818181818182,0.0,0.0
0.36363636363636365,0.3333333333333333,0.05,0,0,0.0,0.0,0.4,0.0,0.05
0.4909090909090909,0.36666666666666664,0.037037037037037035,0,0,0.0,0.0,0.37037037037037035,0.0,0.0
0.38181818181818183,0.4,0.047619047619047616,0,0,0.0,0.0,0.3333333333333333,0.0,0.05263157894736842
0.6727272727272727,0.43333333333333335,0.02702702702702703,0,0,0.0,0.0,0.3783783783783784,0.0,0.027777777777777776
0.5454545454545454,0.4666666666666667,0.03333333333333333,0,0,0.0,0.0,0.43333333333333335,0.0,0.0
0.509090909090909,0.5,0.07142857142857142,0,0,0.0,0.0,0.32142857142857145,0.0,0.037037037037037035
0.38181818181818183,0.5333333333333333,0.047619047619047616,0,0,0.0,0.0,0.23809523809523808,0.0,0.05263157894736842
0.4727272727272727,0.5666666666666667,0.0,0,0,0.0,0.0,0.34615384615384615,0.0,0.0
0.5818181818181818,0.6,0.0,0,0,0.0,0.0,0.34375,0.0,0.0
0.7818181818181819,0.6333333333333333,0.023255813953488372,0,0,0.0,0.0,0.3023255813953488,0.0,0.024390243902439025
1.0,0.6666666666666666,0.01818181818181818,0,0,0.0,0.0,0.2727272727272727,0.0,0.0
0.5818181818181818,0.7,0.03125,0,0,0.0,0.0,0.28125,0.0,0.03225806451612903
0.9272727272727272,0.7333333333333333,0.0196078431372549,0,0,0.0,0.0,0.29411764705882354,0.0196078431372549,0.02
0.6727272727272727,0.7666666666666667,0.02702702702702703,0,0,0.0,0.0,0.32432432432432434,0.02702702702702703,0.05714285714285714
0.41818181818181815,0.8,0.043478260869565216,0,0,0.0,0.0,0.34782608695652173,0.0,0.0
0.34545454545454546,0.8333333333333334,0.10526315789473684,0,1,0.0,0.0,0.47368421052631576,0.0,0.05555555555555555
0.34545454545454546,0.8666666666666667,0.10526315789473684,0,0,0.0,0.0,0.3157894736842105,0.05263157894736842,0.0
0.16363636363636364,0.9,0.0,0,0,0.0,0.0,0.3333333333333333,0.0,0.0
0.41818181818181815,0.9333333333333333,0.08695652173913043,0,0,0.0,0.0,0.30434782608695654,0.043478260869565216,0.0
0.7272727272727273,0.9666666666666667,0.05,0,1,0.0,0.0,0.425,0.0,0.02631578947368421
1.0,0.0,0.07142857142857142,0,1,0.0,0.0,0.5,0.0,0.0
1.0,0.0,0.045454545454545456,0,1,0.0,0.0,0.45454545454545453,0.0,0.023255813953488372
0.35714285714285715,0.0,0.0,0,0,0.0,0.0,0.8,0.0,0.0
0.4642857142857143,0.07142857142857142,0.07692307692307693,0,0,0.0,0.0,0.3076923076923077,0.0,0.0
0.75,0.14285714285714285,0.047619047619047616,0,0,0.0,0.0,0.42857142857142855,0.047619047619047616,0.0
0.9642857142857143,0.21428571428571427,0.0,0,0,0.037037037037037035,0.0,0.2962962962962963,0.037037037037037035,0.038461538461538464
0.8928571428571429,0.2857142857142857,0.04,0,0,0.0,0.0,0.2,0.04,0.041666666666666664
0.6428571428571429,0.35714285714285715,0.1111111111111111,0,0,0.0,0.0,0.2222222222222222,0.0,0.0
0.9285714285714286,0.42857142857142855,0.038461538461538464,0,1,0.0,0.0,0.11538461538461539,0.0,0.0
0.42857142857142855,0.5,0.0,0,1,0.0,0.0,0.16666666666666666,0.0,0.0
0.8928571428571429,0.5714285714285714,0.04,0,0,0.0,0.0,0.32,0.0,0.0
0.5357142857142857,0.6428571428571429,0.13333333333333333,0,0,0.0,0.0,0.4,0.06666666666666667,0.0
0.8928571428571429,0.7142857142857143,0.0,0,1,0.0,0.0,0.24,0.04,0.043478260869565216
0.6071428571428571,0.7857142857142857,0.058823529411764705,0,0,0.0,0.0,0.29411764705882354,0.0,0.0
0.8928571428571429,0.8571428571428571,0.12,0,0,0.0,0.0,0.28,0.0,0.041666666666666664
1.0,0.9285714285714286,0.10714285714285714,0,0,0.0,0.0,0.21428571428571427,0.03571428571428571,0.0
0.5192307692307693,0.0,0.037037037037037035,0,1,0.0,0.0,0.4074074074074074,0.0,0.0
0.38461538461538464,0.06666666666666667,0.1,0,0,0.0,0.0,0.3,0.0,0.0
1.0,0.13333333333333333,0.019230769230769232,0,0,0.0,0.0,0.3076923076923077,0.0,0.04081632653061224
0.5384615384615384,0.2,0.03571428571428571,0,0,0.0,0.0,0.39285714285714285,0.0,0.0
0.75,0.26666666666666666,0.02564102564102564,0,1,0.0,0.0,0.28205128205128205,0.0,0.02857142857142857
0.46153846153846156,0.3333333333333333,0.041666666666666664,0,1,0.0,0.0,0.20833333333333334,0.0,0.0
0.5769230769230769,0.4,0.03333333333333333,0,0,0.0,0.0,0.4666666666666667,0.0,0.0
0.75,0.4666666666666667,0.02564102564102564,0,0,0.0,0.0,0.3076923076923077,0.05128205128205128,0.0
0.6730769230769231,0.5333333333333333,0.02857142857142857,0,1,0.0,0.0,0.2857142857142857,0.0,0.0625
0.46153846153846156,0.6,0.041666666666666664,0,1,0.0,0.0,0.2916666666666667,0.08333333333333333,0.09523809523809523
0.36538461538461536,0.6666666666666666,0.10526315789473684,0,1,0.0,0.0,0.3684210526315789,0.05263157894736842,0.05263157894736842
0.5192307692307693,0.7333333333333333,0.07407407407407407,0,0,0.0,0.0,0.2222222222222222,0.0,0.0
0.23076923076923078,0.8,0.16666666666666666,0,0,0.0,0.0,0.25,0.0,0.0
0.11538461538461539,0.8666666666666667,0.0,0,0,0.0,0.3333333333333333,0.6666666666666666,0.0,0.0
0.057692307692307696,0.9333333333333333,0.0,0,0,0.0,0.0,1.0,0.0,0.0
1.0,0.0,0.030303030303030304,0,0,0.0,0.030303030303030304,0.3333333333333333,0.0,0.03125
0.030303030303030304,0.1,0.0,0,0,0.0,0.0,1.0,0.0,0.0
0.5757575757575758,0.2,0.0,0,0,0.0,0.0,0.3157894736842105,0.0,0.0
1.0,0.3,0.030303030303030304,0,0,0.0,0.0,0.3333333333333333,0.0,0.03125
0.5151515151515151,0.4,0.058823529411764705,0,0,0.0,0.0,0.23529411764705882,0.058823529411764705,0.0
0.5454545454545454,0.5,0.05555555555555555,0,1,0.05555555555555555,0.0,0.2777777777777778,0.0,0.0
0.5757575757575758,0.6,0.10526315789473684,0,1,0.0,0.0,0.3157894736842105,0.05263157894736842,0.0
0.36363636363636365,0.7,0.0,0,1,0.0,0.0,0.25,0.08333333333333333,0.0
0.15151515151515152,0.8,0.0,0,1,0.0,0.0,0.2,0.2,0.2
0.6363636363636364,0.9,0.0,0,0,0.0,0.0,0.14285714285714285,0.0,0.0
0.6206896551724138,0.0,0.05555555555555555,0,1,0.0,0.0,0.3333333333333333,0.0,0.0625
0.3793103448275862,0.125,0.0,0,1,0.0,0.0,0.18181818181818182,0.09090909090909091,0.09090909090909091
0.2413793103448276,0.25,0.14285714285714285,0,1,0.0,0.0,0.2857142857142857,0.0,0.0
0.27586206896551724,0.375,0.0,0,1,0.0,0.0,0.25,0.0,0.0
0.7241379310344828,0.5,0.09523809523809523,0,1,0.0,0.0,0.38095238095238093,0.0,0.047619047619047616
1.0,0.625,0.0,0,1,0.0,0.0,0.3793103448275862,0.0,0.03571428571428571
0.27586206896551724,0.75,0.125,0,0,0.0,0.0,0.375,0.0,0.0
0.41379310344827586,0.875,0.08333333333333333,0,0,0.0,0.0,0.16666666666666666,0.0,0.0
1.0,0.0,0.027777777777777776,0,1,0.0,0.0,0.2777777777777778,0.0,0.02857142857142857
0.6944444444444444,0.16666666666666666,0.04,0,0,0.0,0.0,0.32,0.04,0.0
0.5555555555555556,0.3333333333333333,0.05,0,1,0.0,0.0,0.55,0.0,0.0
0.8888888888888888,0.5,0.0,0,0,0.03125,0.0,0.3125,0.0,0.03225806451612903
0.5833333333333334,0.6666666666666666,0.0,0,0,0.0,0.0,0.47619047619047616,0.0,0.05
0.6944444444444444,0.8333333333333334,0.0,0,1,0.0,0.0,0.32,0.0,0.043478260869565216
0.15254237288135594,0.0,0.0,0,0,0.0,0.0,0.3333333333333333,0.0,0.1111111111111111
0.23728813559322035,0.041666666666666664,0.0,0,1,0.0,0.0,0.21428571428571427,0.0,0.0
0.576271186440678,0.08333333333333333,0.0,0,1,0.0,0.0,0.6176470588235294,0.0,0.030303030303030304
0.6101694915254238,0.125,0.0,0,1,0.0,0.0,0.2222222222222222,0.05555555555555555,0.030303030303030304
0.288135593220339,0.16666666666666666,0.0,0,0,0.0,0.0,0.29411764705882354,0.0,0.0625
0.13559322033898305,0.20833333333333334,0.0,0,1,0.0,0.0,0.75,0.0,0.0
0.1864406779661017,0.25,0.0,0,0,0.0,0.0,0.09090909090909091,0.0,0.0
0.6440677966101694,0.2916666666666667,0.02631578947368421,0,1,0.0,0.0,0.42105263157894735,0.0,0.058823529411764705
0.576271186440678,0.3333333333333333,0.029411764705882353,0,1,0.0,0.0,0.23529411764705882,0.0,0.03125
0.13559322033898305,0.375,0.125,0,1,0.0,0.0,0.25,0.0,0.0
0.2542372881355932,0.4166666666666667,0.0,0,0,0.0,0.0,0.3333333333333333,0.0,0.07692307692307693
0.3220338983050847,0.4583333333333333,0.05263157894736842,0,1,0.0,0.0,0.3157894736842105,0.0,0.05555555555555555
0.2542372881355932,0.5,0.06666666666666667,0,1,0.0,0.0,0.2,0.0,0.07692307692307693
0.2542372881355932,0.5416666666666666,0.06666666666666667,0,0,0.0,0.0,0.2,0.06666666666666667,0.07142857142857142
0.3220338983050847,0.5833333333333334,0.05263157894736842,0,1,0.0,0.0,0.15789473684210525,0.0,0.0
0.5254237288135594,0.625,0.03225806451612903,0,0,0.0,0.0,0.25806451612903225,0.0,0.06896551724137931
0.7627118644067796,0.6666666666666666,0.022222222222222223,0,0,0.0,0.0,0.3333333333333333,0.0,0.046511627906976744
0.1864406779661017,0.7083333333333334,0.18181818181818182,0,0,0.0,0.0,0.36363636363636365,0.0,0.0
0.423728813559322,0.75,0.12,0,0,0.0,0.0,0.28,0.0,0.08
0.5254237288135594,0.7916666666666666,0.06451612903225806,0,1,0.03225806451612903,0.0,0.41935483870967744,0.0,0.03333333333333333
0.2711864406779661,0.8333333333333334,0.125,0,1,0.0625,0.0,0.25,0.0,0.0
1.0,0.875,0.01694915254237288,0,1,0.0,0.0,0.3050847457627119,0.01694915254237288,0.017241379310344827
0.3898305084745763,0.9166666666666666,0.043478260869565216,0,1,0.0,0.0,0.17391304347826086,0.0,0.10526315789473684
0.23728813559322035,0.9583333333333334,0.0,0,0,0.0,0.0,0.14285714285714285,0.07142857142857142,0.0
1.0,0.0,0.1111111111111111,0,0,0.0,0.0,0.6666666666666666,0.0,0.125
0.9310344827586207,0.0,0.037037037037037035,0,1,0.0,0.0,0.2222222222222222,0.037037037037037035,0.125
0.6551724137931034,0.08333333333333333,0.05263157894736842,0,0,0.0,0.0,0.21052631578947367,0.05263157894736842,0.17647058823529413
0.4827586206896552,0.16666666666666666,0.0,0,1,0.0,0.0,0.2857142857142857,0.0,0.07692307692307693
0.6206896551724138,0.25,0.05555555555555555,0,0,0.0,0.0,0.2222222222222222,0.05555555555555555,0.058823529411764705
0.034482758620689655,0.3333333333333333,1.0,0,1,0.0,0.0,0.0,0.0,0.0
0.8620689655172413,0.4166666666666667,0.04,0,0,0.0,0.0,0.32,0.0,0.0
0.6551724137931034,0.5,0.0,0,0,0.0,0.0,0.3157894736842105,0.05263157894736842,0.125
0.6896551724137931,0.5833333333333334,0.05,0,0,0.0,0.0,0.25,0.0,0.0
0.4482758620689655,0.6666666666666666,0.0,0,0,0.0,0.0,0.3076923076923077,0.0,0.08333333333333333
1.0,0.75,0.034482758620689655,0,0,0.0,0.0,0.3793103448275862,0.034482758620689655,0.0
0.896551724137931,0.8333333333333334,0.038461538461538464,0,0,0.0,0.0,0.3076923076923077,0.0,0.08333333333333333
0.41379310344827586,0.9166666666666666,0.0,0,0,0.0,0.0,0.3333333333333333,0.0,0.0
1.0,0.0,0.14285714285714285,0,1,0.0,0.0,0.2857142857142857,0.0,0.0
1.0,0.0,0.0,0,0,0.0,0.0,0.3333333333333333,0.0,0.0
1.0,0.0,0.05555555555555555,0,1,0.0,0.0,0.16666666666666666,0.0,0.13333333333333333
0.10256410256410256,0.0,0.25,0,0,0.0,0.0,0.5,0.0,0.0
0.14102564102564102,0.030303030303030304,0.09090909090909091,0,0,0.09090909090909091,0.0,0.18181818181818182,0.09090909090909091,0.0
0.24358974358974358,0.06060606060606061,0.10526315789473684,0,1,0.0,0.0,0.3157894736842105,0.0,0.0
0.32051282051282054,0.09090909090909091,0.08,0,0,0.0,0.0,0.32,0.04,0.043478260869565216
0.24358974358974358,0.12121212121212122,0.15789473684210525,0,0,0.0,0.0,0.3157894736842105,0.0,0.0
0.24358974358974358,0.15151515151515152,0.10526315789473684,0,1,0.0,0.0,0.2631578947368421,0.05263157894736842,0.0
0.358974358974359,0.18181818181818182,0.07142857142857142,0,1,0.0,0.0,0.32142857142857145,0.0,0.0
0.2948717948717949,0.21212121212121213,0.08695652173913043,0,0,0.0,0.0,0.2608695652173913,0.08695652173913043,0.0
0.46153846153846156,0.24242424242424243,0.05555555555555555,0,0,0.0,0.0,0.3333333333333333,0.027777777777777776,0.02857142857142857
0.2948717948717949,0.2727272727272727,0.13043478260869565,0,0,0.0,0.0,0.2608695652173913,0.043478260869565216,0.09090909090909091
0.2564102564102564,0.30303030303030304,0.1,0,1,0.0,0.0,0.4,0.05,0.0
0.14102564102564102,0.3333333333333333,0.0,0,0,0.0,0.0,0.45454545454545453,0.0,0.0
0.16666666666666666,0.36363636363636365,0.0,0,0,0.0,0.0,0.23076923076923078,0.0,0.08333333333333333
0.2692307692307692,0.3939393939393939,0.047619047619047616,0,0,0.0,0.0,0.38095238095238093,0.0,0.05263157894736842
0.2948717948717949,0.42424242424242425,0.08695652173913043,0,0,0.0,0.0,0.391304347826087,0.0,0.0
0.08974358974358974,0.45454545454545453,0.0,0,0,0.0,0.0,0.14285714285714285,0.0,0.0
0.2692307692307692,0.48484848484848486,0.0,1,0,0.0,0.0,0.3333333333333333,0.0,0.0
0.14102564102564102,0.5151515151515151,0.09090909090909091,0,0,0.0,0.0,0.5454545454545454,0.0,0.0
0.4230769230769231,0.5454545454545454,0.030303030303030304,1,0,0.0,0.0,0.21212121212121213,0.0,0.03225806451612903
0.1282051282051282,0.5757575757575758,0.0,0,0,0.0,0.0,0.3,0.0,0.0
0.2692307692307692,0.6060606060606061,0.047619047619047616,0,0,0.0,0.0,0.42857142857142855,0.0,0.1
0.3076923076923077,0.6363636363636364,0.041666666666666664,0,1,0.0,0.0,0.4583333333333333,0.0,0.08695652173913043
0.20512820512820512,0.6666666666666666,0.0625,0,0,0.0,0.0,0.5,0.0,0.06666666666666667
0.5641025641025641,0.696969696969697,0.022727272727272728,0,0,0.0,0.0,0.4318181818181818,0.0,0.023255813953488372
0.5512820512820513,0.7272727272727273,0.023255813953488372,0,0,0.0,0.0,0.4883720930232558,0.0,0.024390243902439025
0.20512820512820512,0.7575757575757576,0.0625,0,0,0.0,0.0,0.3125,0.0,0.0
0.3717948717948718,0.7878787878787878,0.06896551724137931,0,0,0.0,0.0,0.3448275862068966,0.0,0.0
0.3076923076923077,0.8181818181818182,0.08333333333333333,0,0,0.0,0.0,0.3333333333333333,0.0,0.041666666666666664
0.3717948717948718,0.8484848484848485,0.034482758620689655,0,0,0.0,0.0,0.20689655172413793,0.0,0.03571428571428571
0.717948717948718,0.8787878787878788,0.03571428571428571,0,1,0.0,0.0,0.3392857142857143,0.017857142857142856,0.018518518518518517
0.28205128205128205,0.9090909090909091,0.045454545454545456,0,0,0.0,0.0,0.36363636363636365,0.0,0.0
1.0,0.9393939393939394,0.02564102564102564,0,0,0.0,0.0,0.32051282051282054,0.0,0.013157894736842105
0.1282051282051282,0.9696969696969697,0.2,0,0,0.0,0.0,0.3,0.0,0.0
0.09154929577464789,0.0,0.07692307692307693,0,1,0.0,0.07692307692307693,0.3076923076923077,0.0,0.0
0.07042253521126761,0.0125,0.1,0,0,0.0,0.0,0.4,0.0,0.1111111111111111
0.09154929577464789,0.025,0.07692307692307693,0,1,0.0,0.0,0.38461538461538464,0.0,0.0
0.11971830985915492,0.0375,0.058823529411764705,0,1,0.0,0.0,0.35294117647058826,0.0,0.0625
0.07746478873239436,0.05,0.09090909090909091,0,1,0.0,0.0,0.45454545454545453,0.0,0.0
0.13380281690140844,0.0625,0.05263157894736842,0,1,0.0,0.05263157894736842,0.42105263157894735,0.0,0.05555555555555555
0.352112676056338,0.075,0.02,0,1,0.0,0.0,0.32,0.0,0.02127659574468085
0.04929577464788732,0.0875,0.0,0,1,0.0,0.0,0.42857142857142855,0.0,0.0
0.04929577464788732,0.1,0.0,0,1,0.0,0.0,0.42857142857142855,0.0,0.0
0.1056338028169014,0.1125,0.06666666666666667,0,1,0.0,0.0,0.4,0.0,0.0
0.07746478873239436,0.125,0.09090909090909091,0,0,0.0,0.0,0.36363636363636365,0.0,0.1
0.11267605633802817,0.1375,0.0625,0,1,0.0,0.0,0.375,0.0,0.0
0.035211267605633804,0.15,0.2,0,1,0.0,0.0,0.4,0.0,0.0
0.1267605633802817,0.1625,0.05555555555555555,0,1,0.0,0.0,0.3888888888888889,0.0,0.058823529411764705
0.29577464788732394,0.175,0.023809523809523808,0,1,0.0,0.0,0.38095238095238093,0.0,0.0
0.176056338028169,0.1875,0.04,0,1,0.0,0.0,0.32,0.0,0.041666666666666664
0.1056338028169014,0.2,0.13333333333333333,0,1,0.0,0.0,0.26666666666666666,0.0,0.0
0.06338028169014084,0.2125,0.1111111111111111,0,1,0.0,0.0,0.5555555555555556,0.0,0.0
0.09154929577464789,0.225,0.07692307692307693,0,1,0.0,0.0,0.3076923076923077,0.0,0.0
0.06338028169014084,0.2375,0.1111111111111111,0,0,0.0,0.0,0.3333333333333333,0.0,0.0
0.14788732394366197,0.25,0.047619047619047616,0,1,0.0,0.0,0.3333333333333333,0.047619047619047616,0.0
0.09154929577464789,0.2625,0.07692307692307693,0,1,0.0,0.0,0.5384615384615384,0.0,0.08333333333333333
0.5140845070422535,0.275,0.0273972602739726,0,1,0.0,0.0,0.3287671232876712,0.0136986301369863,0.0
0.30985915492957744,0.2875,0.045454545454545456,0,1,0.0,0.0,0.3409090909090909,0.0,0.0
0.13380281690140844,0.3,0.10526315789473684,0,0,0.0,0.0,0.47368421052631576,0.0,0.0
0.11267605633802817,0.3125,0.125,0,1,0.0625,0.0,0.4375,0.0,0.0
0.3732394366197183,0.325,0.03773584905660377,0,1,0.0,0.0,0.37735849056603776,0.0,0.019230769230769232
0.11971830985915492,0.3375,0.058823529411764705,0,1,0.0,0.0,0.5294117647058824,0.0,0.0
0.1056338028169014,0.35,0.06666666666666667,0,1,0.0,0.0,0.26666666666666666,0.0,0.0
0.23943661971830985,0.3625,0.029411764705882353,0,1,0.029411764705882353,0.0,0.29411764705882354,0.0,0.0
0.07746478873239436,0.375,0.09090909090909091,0,1,0.0,0.0,0.2727272727272727,0.0,0.0
0.02112676056338028,0.3875,0.0,0,0,0.0,0.3333333333333333,0.3333333333333333,0.3333333333333333,0.0
0.056338028169014086,0.4,0.0,0,1,0.0,0.0,0.25,0.125,0.0
0.15492957746478872,0.4125,0.045454545454545456,0,1,0.0,0.0,0.45454545454545453,0.0,0.0
0.4084507042253521,0.425,0.034482758620689655,0,1,0.0,0.0,0.41379310344827586,0.017241379310344827,0.017543859649122806
0.16901408450704225,0.4375,0.041666666666666664,0,1,0.041666666666666664,0.0,0.25,0.0,0.0
0.08450704225352113,0.45,0.08333333333333333,0,0,0.0,0.0,0.4166666666666667,0.0,0.09090909090909091
0.08450704225352113,0.4625,0.16666666666666666,0,1,0.0,0.0,0.3333333333333333,0.0,0.09090909090909091
0.08450704225352113,0.475,0.08333333333333333,0,0,0.0,0.0,0.3333333333333333,0.0,0.09090909090909091
0.11971830985915492,0.4875,0.11764705882352941,0,1,0.0,0.0,0.23529411764705882,0.0,0.0
0.1619718309859155,0.5,0.043478260869565216,0,1,0.0,0.0,0.34782608695652173,0.0,0.047619047619047616
0.18309859154929578,0.5125,0.038461538461538464,0,1,0.0,0.0,0.3076923076923077,0.0,0.04
0.11971830985915492,0.525,0.0,0,1,0.0,0.0,0.5882352941176471,0.0,0.0
0.1056338028169014,0.5375,0.06666666666666667,0,1,0.0,0.0,0.3333333333333333,0.0,0.0
1.0,0.55,0.014084507042253521,0,1,0.0,0.0,0.2746478873239437,0.0,0.0
0.676056338028169,0.5625,0.03125,0,1,0.0,0.0,0.3854166666666667,0.0,0.0
0.07746478873239436,0.575,0.2727272727272727,0,1,0.0,0.0,0.45454545454545453,0.0,0.0
0.1056338028169014,0.5875,0.13333333333333333,0,1,0.0,0.0,0.4,0.0,0.0
0.2676056338028169,0.6,0.05263157894736842,0,1,0.0,0.0,0.47368421052631576,0.0,0.02702702702702703
0.08450704225352113,0.6125,0.08333333333333333,0,1,0.0,0.0,0.25,0.0,0.0
0.056338028169014086,0.625,0.125,0,0,0.0,0.0,0.25,0.125,0.0
0.11971830985915492,0.6375,0.0,0,1,0.0,0.0,0.4117647058823529,0.0,0.0
0.14788732394366197,0.65,0.047619047619047616,0,1,0.0,0.0,0.23809523809523808,0.047619047619047616,0.0
0.1056338028169014,0.6625,0.06666666666666667,0,1,0.0,0.0,0.5333333333333333,0.0,0.0
0.06338028169014084,0.675,0.0,0,0,0.0,0.0,0.1111111111111111,0.0,0.0
0.07042253521126761,0.6875,0.2,0,0,0.0,0.0,0.4,0.0,0.0
0.18309859154929578,0.7,0.0,0,1,0.0,0.0,0.15384615384615385,0.0,0.041666666666666664
0.014084507042253521,0.7125,0.0,0,0,0.0,0.0,1.0,0.0,0.0
0.1056338028169014,0.725,0.0,0,1,0.0,0.0,0.4,0.0,0.0
0.028169014084507043,0.7375,0.25,0,0,0.0,0.0,0.5,0.0,0.0
0.09154929577464789,0.75,0.15384615384615385,0,1,0.0,0.0,0.38461538461538464,0.0,0.0
0.11267605633802817,0.7625,0.0625,0,1,0.0,0.0,0.375,0.0,0.0
0.13380281690140844,0.775,0.10526315789473684,0,1,0.0,0.0,0.47368421052631576,0.0,0.05555555555555555
0.04225352112676056,0.7875,0.0,0,0,0.0,0.0,0.5,0.0,0.0
0.2605633802816901,0.8,0.02702702702702703,0,1,0.0,0.02702702702702703,0.5675675675675675,0.0,0.027777777777777776
0.08450704225352113,0.8125,0.08333333333333333,0,1,0.0,0.0,0.4166666666666667,0.0,0.0
0.11267605633802817,0.825,0.0625,0,1,0.0,0.0,0.3125,0.0,0.0
0.07042253521126761,0.8375,0.0,0,1,0.0,0.0,0.4,0.0,0.0
0.2746478873239437,0.85,0.05128205128205128,0,1,0.0,0.0,0.38461538461538464,0.05128205128205128,0.02631578947368421
0.09154929577464789,0.8625,0.0,0,1,0.0,0.0,0.23076923076923078,0.0,0.0
0.19014084507042253,0.875,0.037037037037037035,0,1,0.0,0.0,0.3333333333333333,0.0,0.0
0.176056338028169,0.8875,0.04,0,1,0.0,0.0,0.28,0.0,0.0
0.2112676056338028,0.9,0.06666666666666667,0,1,0.0,0.0,0.3333333333333333,0.0,0.034482758620689655
0.09859154929577464,0.9125,0.0,0,1,0.07142857142857142,0.0,0.35714285714285715,0.0,0.07692307692307693
0.09154929577464789,0.925,0.07692307692307693,0,0,0.0,0.0,0.46153846153846156,0.0,0.08333333333333333
0.07042253521126761,0.9375,0.1,0,1,0.0,0.0,0.5,0.0,0.0
0.09154929577464789,0.95,0.07692307692307693,0,0,0.0,0.0,0.38461538461538464,0.0,0.08333333333333333
0.15492957746478872,0.9625,0.045454545454545456,0,1,0.0,0.0,0.3181818181818182,0.0,0.047619047619047616
0.09154929577464789,0.975,0.0,0,1,0.0,0.0,0.3076923076923077,0.0,0.0
0.056338028169014086,0.9875,0.0,0,0,0.0,0.0,1.0,0.0,0.125
1.0,0.0,0.0,0,1,0.0,0.0,0.2,0.0,0.0
1.0,0.0,0.0,0,1,0.0,0.0,0.25,0.0,0.0
0.6956521739130435,0.0,0.03125,0,1,0.0,0.0,0.3125,0.0,0.0
0.15217391304347827,0.05263157894736842,0.0,0,0,0.0,0.0,0.5714285714285714,0.0,0.0
0.9130434782608695,0.10526315789473684,0.047619047619047616,0,1,0.0,0.0,0.30952380952380953,0.023809523809523808,0.024390243902439025
1.0,0.15789473684210525,0.021739130434782608,0,1,0.0,0.0,0.30434782608695654,0.0,0.022727272727272728
0.13043478260869565,0.21052631578947367,0.16666666666666666,0,0,0.0,0.0,0.3333333333333333,0.0,0.0
0.5,0.2631578947368421,0.0,0,1,0.0,0.0,0.34782608695652173,0.043478260869565216,0.045454545454545456
0.30434782608695654,0.3157894736842105,0.07142857142857142,0,0,0.0,0.0,0.35714285714285715,0.0,0.07692307692307693
0.6739130434782609,0.3684210526315789,0.03225806451612903,0,1,0.0,0.0,0.3225806451612903,0.0,0.03333333333333333
0.4782608695652174,0.42105263157894735,0.045454545454545456,0,1,0.0,0.0,0.36363636363636365,0.0,0.0
0.41304347826086957,0.47368421052631576,0.10526315789473684,0,1,0.0,0.0,0.3157894736842105,0.0,0.0
0.34782608695652173,0.5263157894736842,0.0,0,1,0.0,0.0,0.25,0.0,0.0
0.5217391304347826,0.5789473684210527,0.041666666666666664,0,1,0.0,0.0,0.3333333333333333,0.041666666666666664,0.0
0.43478260869565216,0.631578947368421,0.05,0,1,0.0,0.0,0.25,0.0,0.0
0.43478260869565216,0.6842105263157895,0.05,0,1,0.0,0.0,0.35,0.0,0.0
0.5434782608695652,0.7368421052631579,0.04,0,1,0.0,0.0,0.28,0.0,0.0
0.41304347826086957,0.7894736842105263,0.05263157894736842,1,1,0.0,0.0,0.2631578947368421,0.0,0.0
0.21739130434782608,0.8421052631578947,0.1,0,1,0.0,0.0,0.3,0.0,0.0
0.15217391304347827,0.8947368421052632,0.14285714285714285,0,0,0.0,0.0,0.42857142857142855,0.14285714285714285,0.0
0.8260869565217391,0.9473684210526315,0.02631578947368421,0,1,0.0,0.0,0.2631578947368421,0.02631578947368421,0.0
1.0,0.0,0.015873015873015872,0,1,0.0,0.0,0.2698412698412698,0.0,0.0
0.2857142857142857,0.16666666666666666,0.0,0,1,0.0,0.0,0.16666666666666666,0.05555555555555555,0.058823529411764705
0.5714285714285714,0.3333333333333333,0.027777777777777776,0,1,0.027777777777777776,0.0,0.16666666666666666,0.0,0.030303030303030304
0.20634920634920634,0.5,0.0,0,1,0.0,0.0,0.23076923076923078,0.0,0.08333333333333333
0.5079365079365079,0.6666666666666666,0.03125,0,1,0.0,0.0,0.46875,0.0,0.03225806451612903
0.5079365079365079,0.8333333333333334,0.03125,0,1,0.0,0.0,0.21875,0.0,0.0
1.0,0.0,0.3333333333333333,0,0,0.0,0.0,0.6666666666666666,0.0,0.0
1.0,0.0,1.0,0,1,0.0,0.0,0.5,0.0,0.0
1.0,0.0,1.0,0,0,0.0,0.0,0.6666666666666666,0.0,0.0
1.0,0.0,0.0,0,0,0.0,0.0,1.0,0.0,0.0
1.0,0.0,0.25,0,1,0.0,0.0,0.5,0.0,0.0
1.0,0.0,0.14285714285714285,0,1,0.0,0.0,0.5714285714285714,0.0,0.0
1.0,0.0,0.0,0,1,0.0,0.0,0.4,0.0,0.0
1.0,0.0,0.16666666666666666,0,1,0.0,0.0,0.5,0.0,0.2
1.0,0.0,0.3333333333333333,0,1,0.0,0.0,0.6666666666666666,0.0,0.0
1.0,0.0,0.4,0,1,0.0,0.0,0.6,0.0,0.0
1.0,0.0,0.3333333333333333,0,1,0.0,0.0,0.8333333333333334,0.0,0.0
1.0,0.0,0.16666666666666666,0,1,0.0,0.0,0.6666666666666666,0.0,0.2
1.0,0.0,0.0,0,1,0.0,0.0,0.5,0.0,0.3333333333333333
1.0,0.0,0.2,0,1,0.0,0.0,0.6,0.0,0.0
1.0,0.0,0.2222222222222222,0,1,0.0,0.0,0.5555555555555556,0.0,0.0
1.0,0.0,0.16666666666666666,0,1,0.0,0.0,0.6666666666666666,0.0,0.0
1.0,0.0,0.1111111111111111,0,1,0.0,0.0,0.8888888888888888,0.0,0.0
1.0,0.0,0.1,0,1,0.0,0.0,0.7,0.0,0.0
1.0,0.0,0.16666666666666666,0,1,0.0,0.0,0.8333333333333334,0.0,0.0
1.0,0.0,0.2,0,1,0.0,0.0,0.8,0.0,0.0
1.0,0.0,0.25,0,1,0.0,0.0,0.625,0.0,0.0
1.0,0.0,0.2,0,1,0.0,0.0,0.4,0.0,0.0
1.0,0.0,0.0,0,1,0.0,0.0,1.0,0.0,0.0
1.0,0.0,0.3333333333333333,0,1,0.0,0.0,0.6666666666666666,0.0,0.0
1.0,0.0,0.0,0,1,0.0,0.0,0.6,0.0,0.25
1.0,0.0,0.4,0,1,0.0,0.0,0.6,0.0,0.0
1.0,0.0,0.25,0,1,0.0,0.0,0.5,0.0,0.0
1.0,0.0,0.3333333333333333,0,1,0.0,0.0,0.5,0.0,0.0
1.0,0.0,0.4,0,1,0.0,0.0,0.4,0.0,0.0
1.0,0.0,0.1111111111111111,0,1,0.0,0.0,0.6666666666666666,0.0,0.125
1.0,0.0,0.0,0,0,0.0,0.0,0.0,0.0,0.0
1.0,0.0,0.0,0,0,0.0,1.0,1.0,0.0,0.0
1.0,0.0,0.0,0,0,0.0,0.0,1.0,0.0,1.0
1.0,0.0,0.0,0,0,0.0,0.0,1.0,0.0,0.0
1.0,0.0,1.0,0,1,0.0,0.0,0.6,0.0,0.0
